date,open,close,high,low,volume_from,volume_to
2017-10-05,0.0,0.0,0.0,0.0,0.0,0.0
2017-10-06,0.0,0.0,0.0,0.0,0.0,0.0
2017-10-07,0.0,0.0,0.0,0.0,0.0,0.0
2017-10-08,0.0,0.0,0.0,0.0,0.0,0.0
2017-10-09,0.0,0.0,0.0,0.0,0.0,0.0
2017-10-10,0.0,0.0,0.0,0.0,0.0,0.0
2017-10-11,0.0,0.0,0.0,0.0,0.0,0.0
2017-10-12,0.0,0.0,0.0,0.0,0.0,0.0
2017-10-13,0.0,0.0,0.0,0.0,0.0,0.0
2017-10-14,0.0,0.0,0.0,0.0,0.0,0.0
2017-10-15,0.0,0.0,0.0,0.0,0.0,0.0
2017-10-16,0.0,0.0,0.0,0.0,0.0,0.0
2017-10-17,0.0,0.0,0.0,0.0,0.0,0.0
2017-10-18,0.0,0.0,0.0,0.0,0.0,0.0
2017-10-19,0.0,0.0,0.0,0.0,0.0,0.0
2017-10-20,0.0,0.0,0.0,0.0,0.0,0.0
2017-10-21,0.0,0.0,0.0,0.0,0.0,0.0
2017-10-22,0.0,0.0,0.0,0.0,0.0,0.0
2017-10-23,0.0,0.0,0.0,0.0,0.0,0.0
2017-10-24,0.0,0.0,0.0,0.0,0.0,0.0
2017-10-25,0.0,0.0,0.0,0.0,0.0,0.0
2017-10-26,0.0,0.0,0.0,0.0,0.0,0.0
2017-10-27,0.0,0.0,0.0,0.0,0.0,0.0
2017-10-28,0.0,0.0,0.0,0.0,0.0,0.0
2017-10-29,0.0,0.0,0.0,0.0,0.0,0.0
2017-10-30,0.0,0.0,0.0,0.0,0.0,0.0
2017-10-31,0.0,0.0,0.0,0.0,0.0,0.0
2017-11-01,0.0,0.0,0.0,0.0,0.0,0.0
2017-11-02,0.0,0.0,0.0,0.0,0.0,0.0
2017-11-03,0.0,0.0,0.0,0.0,0.0,0.0
2017-11-04,0.0,0.0,0.0,0.0,0.0,0.0
2017-11-05,0.0,0.0,0.0,0.0,0.0,0.0
2017-11-06,0.0,0.0,0.0,0.0,0.0,0.0
2017-11-07,0.0,0.0,0.0,0.0,0.0,0.0
2017-11-08,0.0,0.0,0.0,0.0,0.0,0.0
2017-11-09,0.0,0.0,0.0,0.0,0.0,0.0
2017-11-10,0.0,0.0,0.0,0.0,0.0,0.0
2017-11-11,0.0,0.0,0.0,0.0,0.0,0.0
2017-11-12,0.0,0.0,0.0,0.0,0.0,0.0
2017-11-13,0.0,0.0,0.0,0.0,0.0,0.0
2017-11-14,0.0,0.0,0.0,0.0,0.0,0.0
2017-11-15,0.0,0.0,0.0,0.0,0.0,0.0
2017-11-16,0.0,0.0,0.0,0.0,0.0,0.0
2017-11-17,0.0,0.0,0.0,0.0,0.0,0.0
2017-11-18,0.0,0.0,0.0,0.0,0.0,0.0
2017-11-19,0.0,0.0,0.0,0.0,0.0,0.0
2017-11-20,0.0,0.0,0.0,0.0,0.0,0.0
2017-11-21,0.0,0.0,0.0,0.0,0.0,0.0
2017-11-22,0.0,0.0,0.0,0.0,0.0,0.0
2017-11-23,0.0,0.0,0.0,0.0,0.0,0.0
2017-11-24,0.0,0.0,0.0,0.0,0.0,0.0
2017-11-25,0.0,0.0,0.0,0.0,0.0,0.0
2017-11-26,0.0,0.0,0.0,0.0,0.0,0.0
2017-11-27,0.0,0.0,0.0,0.0,0.0,0.0
2017-11-28,0.0,0.0,0.0,0.0,0.0,0.0
2017-11-29,0.0,0.0,0.0,0.0,0.0,0.0
2017-11-30,0.0,0.0,0.0,0.0,0.0,0.0
2017-12-01,0.0,0.0,0.0,0.0,0.0,0.0
2017-12-02,0.0,0.0,0.0,0.0,0.0,0.0
2017-12-03,0.0,0.0,0.0,0.0,0.0,0.0
2017-12-04,0.0,0.0,0.0,0.0,0.0,0.0
2017-12-05,0.0,0.0,0.0,0.0,0.0,0.0
2017-12-06,0.0,0.0,0.0,0.0,0.0,0.0
2017-12-07,0.0,0.0,0.0,0.0,0.0,0.0
2017-12-08,0.0,0.0,0.0,0.0,0.0,0.0
2017-12-09,0.0,0.0,0.0,0.0,0.0,0.0
2017-12-10,0.0,0.0,0.0,0.0,0.0,0.0
2017-12-11,0.0,0.0,0.0,0.0,0.0,0.0
2017-12-12,0.0,0.0,0.0,0.0,0.0,0.0
2017-12-13,0.0,0.0,0.0,0.0,0.0,0.0
2017-12-14,0.0,0.0,0.0,0.0,0.0,0.0
2017-12-15,0.0,0.0,0.0,0.0,0.0,0.0
2017-12-16,0.0,0.0,0.0,0.0,0.0,0.0
2017-12-17,0.0,0.0,0.0,0.0,0.0,0.0
2017-12-18,0.0,0.0,0.0,0.0,0.0,0.0
2017-12-19,0.0,0.0,0.0,0.0,0.0,0.0
2017-12-20,0.0,0.0,0.0,0.0,0.0,0.0
2017-12-21,0.0,0.0,0.0,0.0,0.0,0.0
2017-12-22,0.0,0.0,0.0,0.0,0.0,0.0
2017-12-23,0.0,0.0,0.0,0.0,0.0,0.0
2017-12-24,0.0,0.0,0.0,0.0,0.0,0.0
2017-12-25,0.0,0.0,0.0,0.0,0.0,0.0
2017-12-26,0.0,0.0,0.0,0.0,0.0,0.0
2017-12-27,0.0,0.0,0.0,0.0,0.0,0.0
2017-12-28,0.0,0.0,0.0,0.0,0.0,0.0
2017-12-29,0.0,0.0,0.0,0.0,0.0,0.0
2017-12-30,0.0,0.0,0.0,0.0,0.0,0.0
2017-12-31,0.0,0.0,0.0,0.0,0.0,0.0
2018-01-01,0.0,0.0,0.0,0.0,0.0,0.0
2018-01-02,0.0,0.0,0.0,0.0,0.0,0.0
2018-01-03,0.0,0.0,0.0,0.0,0.0,0.0
2018-01-04,0.0,0.0,0.0,0.0,0.0,0.0
2018-01-05,0.0,0.0,0.0,0.0,0.0,0.0
2018-01-06,0.0,0.0,0.0,0.0,0.0,0.0
2018-01-07,0.0,0.0,0.0,0.0,0.0,0.0
2018-01-08,0.0,0.0,0.0,0.0,0.0,0.0
2018-01-09,0.0,0.0,0.0,0.0,0.0,0.0
2018-01-10,0.0,0.0,0.0,0.0,0.0,0.0
2018-01-11,0.0,0.0,0.0,0.0,0.0,0.0
2018-01-12,0.0,0.0,0.0,0.0,0.0,0.0
2018-01-13,0.0,0.0,0.0,0.0,0.0,0.0
2018-01-14,0.0,0.0,0.0,0.0,0.0,0.0
2018-01-15,0.0,0.0,0.0,0.0,0.0,0.0
2018-01-16,0.0,0.0,0.0,0.0,0.0,0.0
2018-01-17,0.0,0.0,0.0,0.0,0.0,0.0
2018-01-18,0.0,0.0,0.0,0.0,0.0,0.0
2018-01-19,0.0,0.0,0.0,0.0,0.0,0.0
2018-01-20,0.0,0.0,0.0,0.0,0.0,0.0
2018-01-21,0.0,0.0,0.0,0.0,0.0,0.0
2018-01-22,0.0,0.0,0.0,0.0,0.0,0.0
2018-01-23,0.0,0.0,0.0,0.0,0.0,0.0
2018-01-24,0.0,0.0,0.0,0.0,0.0,0.0
2018-01-25,0.0,0.0,0.0,0.0,0.0,0.0
2018-01-26,0.0,0.0,0.0,0.0,0.0,0.0
2018-01-27,0.0,0.0,0.0,0.0,0.0,0.0
2018-01-28,0.0,0.0,0.0,0.0,0.0,0.0
2018-01-29,0.0,0.0,0.0,0.0,0.0,0.0
2018-01-30,0.0,0.0,0.0,0.0,0.0,0.0
2018-01-31,0.0,0.0,0.0,0.0,0.0,0.0
2018-02-01,0.0,0.0,0.0,0.0,0.0,0.0
2018-02-02,0.0,0.0,0.0,0.0,0.0,0.0
2018-02-03,0.0,0.0,0.0,0.0,0.0,0.0
2018-02-04,0.0,0.0,0.0,0.0,0.0,0.0
2018-02-05,0.0,0.0,0.0,0.0,0.0,0.0
2018-02-06,0.0,0.0,0.0,0.0,0.0,0.0
2018-02-07,0.0,0.0,0.0,0.0,0.0,0.0
2018-02-08,0.0,0.0,0.0,0.0,0.0,0.0
2018-02-09,0.0,0.0,0.0,0.0,0.0,0.0
2018-02-10,0.0,0.0,0.0,0.0,0.0,0.0
2018-02-11,0.0,0.0,0.0,0.0,0.0,0.0
2018-02-12,0.0,0.0,0.0,0.0,0.0,0.0
2018-02-13,0.0,0.0,0.0,0.0,0.0,0.0
2018-02-14,0.0,0.0,0.0,0.0,0.0,0.0
2018-02-15,0.0,0.0,0.0,0.0,0.0,0.0
2018-02-16,0.0,0.0,0.0,0.0,0.0,0.0
2018-02-17,0.0,0.0,0.0,0.0,0.0,0.0
2018-02-18,0.0,0.0,0.0,0.0,0.0,0.0
2018-02-19,0.0,0.0,0.0,0.0,0.0,0.0
2018-02-20,0.0,0.0,0.0,0.0,0.0,0.0
2018-02-21,0.0,0.0,0.0,0.0,0.0,0.0
2018-02-22,0.0,0.0,0.0,0.0,0.0,0.0
2018-02-23,0.0,0.0,0.0,0.0,0.0,0.0
2018-02-24,0.0,0.0,0.0,0.0,0.0,0.0
2018-02-25,0.0,0.0,0.0,0.0,0.0,0.0
2018-02-26,0.0,0.0,0.0,0.0,0.0,0.0
2018-02-27,0.0,0.0,0.0,0.0,0.0,0.0
2018-02-28,0.0,0.0,0.0,0.0,0.0,0.0
2018-03-01,0.0,0.0,0.0,0.0,0.0,0.0
2018-03-02,0.0,0.0,0.0,0.0,0.0,0.0
2018-03-03,0.0,0.0,0.0,0.0,0.0,0.0
2018-03-04,0.0,0.0,0.0,0.0,0.0,0.0
2018-03-05,0.0,0.0,0.0,0.0,0.0,0.0
2018-03-06,0.0,0.0,0.0,0.0,0.0,0.0
2018-03-07,0.0,0.0,0.0,0.0,0.0,0.0
2018-03-08,0.0,0.0,0.0,0.0,0.0,0.0
2018-03-09,0.0,0.0,0.0,0.0,0.0,0.0
2018-03-10,0.0,0.0,0.0,0.0,0.0,0.0
2018-03-11,0.0,0.0,0.0,0.0,0.0,0.0
2018-03-12,0.0,0.0,0.0,0.0,0.0,0.0
2018-03-13,0.0,0.0,0.0,0.0,0.0,0.0
2018-03-14,0.0,0.0,0.0,0.0,0.0,0.0
2018-03-15,0.0,0.0,0.0,0.0,0.0,0.0
2018-03-16,0.0,0.0,0.0,0.0,0.0,0.0
2018-03-17,0.0,0.0,0.0,0.0,0.0,0.0
2018-03-18,0.0,0.0,0.0,0.0,0.0,0.0
2018-03-19,0.0,0.0,0.0,0.0,0.0,0.0
2018-03-20,0.0,0.0,0.0,0.0,0.0,0.0
2018-03-21,0.0,0.0,0.0,0.0,0.0,0.0
2018-03-22,0.0,0.0,0.0,0.0,0.0,0.0
2018-03-23,0.0,0.0,0.0,0.0,0.0,0.0
2018-03-24,0.0,0.0,0.0,0.0,0.0,0.0
2018-03-25,0.0,0.0,0.0,0.0,0.0,0.0
2018-03-26,0.0,0.0,0.0,0.0,0.0,0.0
2018-03-27,0.0,0.0,0.0,0.0,0.0,0.0
2018-03-28,0.0,0.0,0.0,0.0,0.0,0.0
2018-03-29,0.0,0.0,0.0,0.0,0.0,0.0
2018-03-30,0.0,0.0,0.0,0.0,0.0,0.0
2018-03-31,0.0,0.0,0.0,0.0,0.0,0.0
2018-04-01,0.0,0.0,0.0,0.0,0.0,0.0
2018-04-02,0.0,0.0,0.0,0.0,0.0,0.0
2018-04-03,0.0,0.0,0.0,0.0,0.0,0.0
2018-04-04,0.0,0.0,0.0,0.0,0.0,0.0
2018-04-05,0.0,0.0,0.0,0.0,0.0,0.0
2018-04-06,0.0,0.0,0.0,0.0,0.0,0.0
2018-04-07,0.0,0.0,0.0,0.0,0.0,0.0
2018-04-08,0.0,0.0,0.0,0.0,0.0,0.0
2018-04-09,0.0,0.0,0.0,0.0,0.0,0.0
2018-04-10,0.0,0.0,0.0,0.0,0.0,0.0
2018-04-11,0.0,0.0,0.0,0.0,0.0,0.0
2018-04-12,0.0,0.0,0.0,0.0,0.0,0.0
2018-04-13,0.0,0.0,0.0,0.0,0.0,0.0
2018-04-14,0.0,0.0,0.0,0.0,0.0,0.0
2018-04-15,0.0,0.0,0.0,0.0,0.0,0.0
2018-04-16,0.0,0.0,0.0,0.0,0.0,0.0
2018-04-17,0.0,0.0,0.0,0.0,0.0,0.0
2018-04-18,0.0,0.0,0.0,0.0,0.0,0.0
2018-04-19,0.0,0.0,0.0,0.0,0.0,0.0
2018-04-20,0.0,0.0,0.0,0.0,0.0,0.0
2018-04-21,0.0,0.0,0.0,0.0,0.0,0.0
2018-04-22,0.0,0.0,0.0,0.0,0.0,0.0
2018-04-23,0.0,0.0,0.0,0.0,0.0,0.0
2018-04-24,0.0,0.0,0.0,0.0,0.0,0.0
2018-04-25,0.0,0.0,0.0,0.0,0.0,0.0
2018-04-26,0.0,0.0,0.0,0.0,0.0,0.0
2018-04-27,0.0,0.0,0.0,0.0,0.0,0.0
2018-04-28,0.0,0.0,0.0,0.0,0.0,0.0
2018-04-29,0.0,0.0,0.0,0.0,0.0,0.0
2018-04-30,0.0,0.0,0.0,0.0,0.0,0.0
2018-05-01,0.0,0.0,0.0,0.0,0.0,0.0
2018-05-02,0.0,0.0,0.0,0.0,0.0,0.0
2018-05-03,0.0,0.0,0.0,0.0,0.0,0.0
2018-05-04,0.0,0.0,0.0,0.0,0.0,0.0
2018-05-05,0.0,0.0,0.0,0.0,0.0,0.0
2018-05-06,0.0,0.0,0.0,0.0,0.0,0.0
2018-05-07,0.0,0.0,0.0,0.0,0.0,0.0
2018-05-08,0.0,0.0,0.0,0.0,0.0,0.0
2018-05-09,0.0,0.0,0.0,0.0,0.0,0.0
2018-05-10,0.0,0.0,0.0,0.0,0.0,0.0
2018-05-11,0.0,0.0,0.0,0.0,0.0,0.0
2018-05-12,0.0,0.0,0.0,0.0,0.0,0.0
2018-05-13,0.0,0.0,0.0,0.0,0.0,0.0
2018-05-14,0.0,0.0,0.0,0.0,0.0,0.0
2018-05-15,0.0,0.0,0.0,0.0,0.0,0.0
2018-05-16,0.0,0.0,0.0,0.0,0.0,0.0
2018-05-17,0.0,0.0,0.0,0.0,0.0,0.0
2018-05-18,0.0,0.0,0.0,0.0,0.0,0.0
2018-05-19,0.0,0.0,0.0,0.0,0.0,0.0
2018-05-20,0.0,0.0,0.0,0.0,0.0,0.0
2018-05-21,0.0,0.0,0.0,0.0,0.0,0.0
2018-05-22,0.0,0.0,0.0,0.0,0.0,0.0
2018-05-23,0.0,0.0,0.0,0.0,0.0,0.0
2018-05-24,0.0,0.0,0.0,0.0,0.0,0.0
2018-05-25,0.0,0.0,0.0,0.0,0.0,0.0
2018-05-26,0.0,0.0,0.0,0.0,0.0,0.0
2018-05-27,0.0,0.0,0.0,0.0,0.0,0.0
2018-05-28,0.0,0.0,0.0,0.0,0.0,0.0
2018-05-29,0.0,0.0,0.0,0.0,0.0,0.0
2018-05-30,0.0,0.0,0.0,0.0,0.0,0.0
2018-05-31,0.0,0.0,0.0,0.0,0.0,0.0
2018-06-01,0.0,0.0,0.0,0.0,0.0,0.0
2018-06-02,0.0,0.0,0.0,0.0,0.0,0.0
2018-06-03,0.0,0.0,0.0,0.0,0.0,0.0
2018-06-04,0.0,0.0,0.0,0.0,0.0,0.0
2018-06-05,0.0,0.0,0.0,0.0,0.0,0.0
2018-06-06,0.0,0.0,0.0,0.0,0.0,0.0
2018-06-07,0.0,0.0,0.0,0.0,0.0,0.0
2018-06-08,0.0,0.0,0.0,0.0,0.0,0.0
2018-06-09,0.0,0.0,0.0,0.0,0.0,0.0
2018-06-10,0.0,0.0,0.0,0.0,0.0,0.0
2018-06-11,0.0,0.0,0.0,0.0,0.0,0.0
2018-06-12,0.0,0.0,0.0,0.0,0.0,0.0
2018-06-13,0.0,0.0,0.0,0.0,0.0,0.0
2018-06-14,0.0,0.0,0.0,0.0,0.0,0.0
2018-06-15,0.0,0.0,0.0,0.0,0.0,0.0
2018-06-16,0.0,0.0,0.0,0.0,0.0,0.0
2018-06-17,0.0,0.0,0.0,0.0,0.0,0.0
2018-06-18,0.0,0.0,0.0,0.0,0.0,0.0
2018-06-19,0.0,0.0,0.0,0.0,0.0,0.0
2018-06-20,0.0,0.0,0.0,0.0,0.0,0.0
2018-06-21,0.0,0.0,0.0,0.0,0.0,0.0
2018-06-22,0.0,0.0,0.0,0.0,0.0,0.0
2018-06-23,0.0,0.0,0.0,0.0,0.0,0.0
2018-06-24,0.0,0.0,0.0,0.0,0.0,0.0
2018-06-25,0.0,0.0,0.0,0.0,0.0,0.0
2018-06-26,0.0,0.0,0.0,0.0,0.0,0.0
2018-06-27,0.0,0.0,0.0,0.0,0.0,0.0
2018-06-28,0.0,0.0,0.0,0.0,0.0,0.0
2018-06-29,0.0,0.0,0.0,0.0,0.0,0.0
2018-06-30,0.0,0.0,0.0,0.0,0.0,0.0
2018-07-01,0.0,0.0,0.0,0.0,0.0,0.0
2018-07-02,0.0,0.0,0.0,0.0,0.0,0.0
2018-07-03,0.0,0.0,0.0,0.0,0.0,0.0
2018-07-04,0.0,0.0,0.0,0.0,0.0,0.0
2018-07-05,0.0,0.0,0.0,0.0,0.0,0.0
2018-07-06,0.0,0.0,0.0,0.0,0.0,0.0
2018-07-07,0.0,0.0,0.0,0.0,0.0,0.0
2018-07-08,0.0,0.0,0.0,0.0,0.0,0.0
2018-07-09,0.0,0.0,0.0,0.0,0.0,0.0
2018-07-10,0.0,0.0,0.0,0.0,0.0,0.0
2018-07-11,0.0,0.0,0.0,0.0,0.0,0.0
2018-07-12,0.0,0.0,0.0,0.0,0.0,0.0
2018-07-13,0.0,0.0,0.0,0.0,0.0,0.0
2018-07-14,0.0,0.0,0.0,0.0,0.0,0.0
2018-07-15,0.0,0.0,0.0,0.0,0.0,0.0
2018-07-16,0.0,0.0,0.0,0.0,0.0,0.0
2018-07-17,0.0,0.0,0.0,0.0,0.0,0.0
2018-07-18,0.0,0.0,0.0,0.0,0.0,0.0
2018-07-19,0.0,0.0,0.0,0.0,0.0,0.0
2018-07-20,0.0,0.0,0.0,0.0,0.0,0.0
2018-07-21,0.0,0.0,0.0,0.0,0.0,0.0
2018-07-22,0.0,0.0,0.0,0.0,0.0,0.0
2018-07-23,0.0,0.0,0.0,0.0,0.0,0.0
2018-07-24,0.0,0.0,0.0,0.0,0.0,0.0
2018-07-25,0.0,0.0,0.0,0.0,0.0,0.0
2018-07-26,0.0,0.0,0.0,0.0,0.0,0.0
2018-07-27,0.0,0.0,0.0,0.0,0.0,0.0
2018-07-28,0.0,0.0,0.0,0.0,0.0,0.0
2018-07-29,0.0,0.0,0.0,0.0,0.0,0.0
2018-07-30,0.0,0.0,0.0,0.0,0.0,0.0
2018-07-31,0.0,0.0,0.0,0.0,0.0,0.0
2018-08-01,0.0,0.0,0.0,0.0,0.0,0.0
2018-08-02,0.0,0.0,0.0,0.0,0.0,0.0
2018-08-03,0.0,0.0,0.0,0.0,0.0,0.0
2018-08-04,0.0,0.0,0.0,0.0,0.0,0.0
2018-08-05,0.0,0.0,0.0,0.0,0.0,0.0
2018-08-06,0.0,0.0,0.0,0.0,0.0,0.0
2018-08-07,0.0,0.0,0.0,0.0,0.0,0.0
2018-08-08,0.0,0.0,0.0,0.0,0.0,0.0
2018-08-09,0.0,0.0,0.0,0.0,0.0,0.0
2018-08-10,0.0,0.0,0.0,0.0,0.0,0.0
2018-08-11,0.0,0.0,0.0,0.0,0.0,0.0
2018-08-12,0.0,0.0,0.0,0.0,0.0,0.0
2018-08-13,0.0,0.0,0.0,0.0,0.0,0.0
2018-08-14,0.0,0.0,0.0,0.0,0.0,0.0
2018-08-15,0.0,0.0,0.0,0.0,0.0,0.0
2018-08-16,0.0,0.0,0.0,0.0,0.0,0.0
2018-08-17,0.0,0.0,0.0,0.0,0.0,0.0
2018-08-18,0.0,0.0,0.0,0.0,0.0,0.0
2018-08-19,0.0,0.0,0.0,0.0,0.0,0.0
2018-08-20,0.0,0.0,0.0,0.0,0.0,0.0
2018-08-21,0.0,0.0,0.0,0.0,0.0,0.0
2018-08-22,0.0,0.0,0.0,0.0,0.0,0.0
2018-08-23,0.0,0.0,0.0,0.0,0.0,0.0
2018-08-24,0.0,0.0,0.0,0.0,0.0,0.0
2018-08-25,0.0,0.0,0.0,0.0,0.0,0.0
2018-08-26,0.0,0.0,0.0,0.0,0.0,0.0
2018-08-27,0.0,0.0,0.0,0.0,0.0,0.0
2018-08-28,0.0,0.0,0.0,0.0,0.0,0.0
2018-08-29,0.0,0.0,0.0,0.0,0.0,0.0
2018-08-30,0.0,0.0,0.0,0.0,0.0,0.0
2018-08-31,0.0,0.0,0.0,0.0,0.0,0.0
2018-09-01,0.0,0.0,0.0,0.0,0.0,0.0
2018-09-02,0.0,0.0,0.0,0.0,0.0,0.0
2018-09-03,0.0,0.0,0.0,0.0,0.0,0.0
2018-09-04,0.0,0.0,0.0,0.0,0.0,0.0
2018-09-05,0.0,0.0,0.0,0.0,0.0,0.0
2018-09-06,0.0,0.0,0.0,0.0,0.0,0.0
2018-09-07,0.0,0.0,0.0,0.0,0.0,0.0
2018-09-08,0.0,0.0,0.0,0.0,0.0,0.0
2018-09-09,0.0,0.0,0.0,0.0,0.0,0.0
2018-09-10,0.0,0.0,0.0,0.0,0.0,0.0
2018-09-11,0.0,0.0,0.0,0.0,0.0,0.0
2018-09-12,0.0,0.0,0.0,0.0,0.0,0.0
2018-09-13,0.0,0.0,0.0,0.0,0.0,0.0
2018-09-14,0.0,0.0,0.0,0.0,0.0,0.0
2018-09-15,0.0,0.0,0.0,0.0,0.0,0.0
2018-09-16,0.0,0.0,0.0,0.0,0.0,0.0
2018-09-17,0.0,0.0,0.0,0.0,0.0,0.0
2018-09-18,0.0,0.0,0.0,0.0,0.0,0.0
2018-09-19,0.0,0.0,0.0,0.0,0.0,0.0
2018-09-20,0.0,0.0,0.0,0.0,0.0,0.0
2018-09-21,0.0,0.0,0.0,0.0,0.0,0.0
2018-09-22,0.0,0.0,0.0,0.0,0.0,0.0
2018-09-23,0.0,0.0,0.0,0.0,0.0,0.0
2018-09-24,0.0,0.0,0.0,0.0,0.0,0.0
2018-09-25,0.0,0.0,0.0,0.0,0.0,0.0
2018-09-26,0.0,0.0,0.0,0.0,0.0,0.0
2018-09-27,0.0,0.0,0.0,0.0,0.0,0.0
2018-09-28,0.0,0.0,0.0,0.0,0.0,0.0
2018-09-29,0.0,0.0,0.0,0.0,0.0,0.0
2018-09-30,0.0,0.0,0.0,0.0,0.0,0.0
2018-10-01,0.0,0.0,0.0,0.0,0.0,0.0
2018-10-02,0.0,0.0,0.0,0.0,0.0,0.0
2018-10-03,0.0,0.0,0.0,0.0,0.0,0.0
2018-10-04,0.0,0.0,0.0,0.0,0.0,0.0
2018-10-05,0.0,0.0,0.0,0.0,0.0,0.0
2018-10-06,0.0,0.0,0.0,0.0,0.0,0.0
2018-10-07,0.0,0.0,0.0,0.0,0.0,0.0
2018-10-08,0.0,0.0,0.0,0.0,0.0,0.0
2018-10-09,0.0,0.0,0.0,0.0,0.0,0.0
2018-10-10,0.0,0.0,0.0,0.0,0.0,0.0
2018-10-11,0.0,0.0,0.0,0.0,0.0,0.0
2018-10-12,0.0,0.0,0.0,0.0,0.0,0.0
2018-10-13,0.0,0.0,0.0,0.0,0.0,0.0
2018-10-14,0.0,0.0,0.0,0.0,0.0,0.0
2018-10-15,0.0,0.0,0.0,0.0,0.0,0.0
2018-10-16,0.0,0.0,0.0,0.0,0.0,0.0
2018-10-17,0.0,0.0,0.0,0.0,0.0,0.0
2018-10-18,0.0,0.0,0.0,0.0,0.0,0.0
2018-10-19,0.0,0.0,0.0,0.0,0.0,0.0
2018-10-20,0.0,0.0,0.0,0.0,0.0,0.0
2018-10-21,0.0,0.0,0.0,0.0,0.0,0.0
2018-10-22,0.0,0.0,0.0,0.0,0.0,0.0
2018-10-23,0.0,0.0,0.0,0.0,0.0,0.0
2018-10-24,0.0,0.0,0.0,0.0,0.0,0.0
2018-10-25,0.0,0.0,0.0,0.0,0.0,0.0
2018-10-26,0.0,0.0,0.0,0.0,0.0,0.0
2018-10-27,0.0,0.0,0.0,0.0,0.0,0.0
2018-10-28,0.0,0.0,0.0,0.0,0.0,0.0
2018-10-29,0.0,0.0,0.0,0.0,0.0,0.0
2018-10-30,0.0,0.0,0.0,0.0,0.0,0.0
2018-10-31,0.0,0.0,0.0,0.0,0.0,0.0
2018-11-01,0.0,0.0,0.0,0.0,0.0,0.0
2018-11-02,0.0,0.0,0.0,0.0,0.0,0.0
2018-11-03,0.0,0.0,0.0,0.0,0.0,0.0
2018-11-04,0.0,0.0,0.0,0.0,0.0,0.0
2018-11-05,0.0,0.0,0.0,0.0,0.0,0.0
2018-11-06,0.0,0.0,0.0,0.0,0.0,0.0
2018-11-07,0.0,0.0,0.0,0.0,0.0,0.0
2018-11-08,0.0,0.0,0.0,0.0,0.0,0.0
2018-11-09,0.0,0.0,0.0,0.0,0.0,0.0
2018-11-10,0.0,0.0,0.0,0.0,0.0,0.0
2018-11-11,0.0,0.0,0.0,0.0,0.0,0.0
2018-11-12,0.0,0.0,0.0,0.0,0.0,0.0
2018-11-13,0.0,0.0,0.0,0.0,0.0,0.0
2018-11-14,0.0,0.0,0.0,0.0,0.0,0.0
2018-11-15,0.0,0.0,0.0,0.0,0.0,0.0
2018-11-16,0.0,0.0,0.0,0.0,0.0,0.0
2018-11-17,0.0,0.0,0.0,0.0,0.0,0.0
2018-11-18,0.0,0.0,0.0,0.0,0.0,0.0
2018-11-19,0.0,0.0,0.0,0.0,0.0,0.0
2018-11-20,0.0,0.0,0.0,0.0,0.0,0.0
2018-11-21,0.0,0.0,0.0,0.0,0.0,0.0
2018-11-22,0.0,0.0,0.0,0.0,0.0,0.0
2018-11-23,0.0,0.0,0.0,0.0,0.0,0.0
2018-11-24,0.0,0.0,0.0,0.0,0.0,0.0
2018-11-25,0.0,0.0,0.0,0.0,0.0,0.0
2018-11-26,0.0,0.0,0.0,0.0,0.0,0.0
2018-11-27,0.0,0.0,0.0,0.0,0.0,0.0
2018-11-28,0.0,0.0,0.0,0.0,0.0,0.0
2018-11-29,0.0,0.0,0.0,0.0,0.0,0.0
2018-11-30,0.0,0.0,0.0,0.0,0.0,0.0
2018-12-01,0.0,0.0,0.0,0.0,0.0,0.0
2018-12-02,0.0,0.0,0.0,0.0,0.0,0.0
2018-12-03,0.0,0.0,0.0,0.0,0.0,0.0
2018-12-04,0.0,0.0,0.0,0.0,0.0,0.0
2018-12-05,0.0,0.0,0.0,0.0,0.0,0.0
2018-12-06,0.0,0.0,0.0,0.0,0.0,0.0
2018-12-07,0.0,0.0,0.0,0.0,0.0,0.0
2018-12-08,0.0,0.0,0.0,0.0,0.0,0.0
2018-12-09,0.0,0.0,0.0,0.0,0.0,0.0
2018-12-10,0.0,0.0,0.0,0.0,0.0,0.0
2018-12-11,0.0,0.0,0.0,0.0,0.0,0.0
2018-12-12,0.0,0.0,0.0,0.0,0.0,0.0
2018-12-13,0.0,0.0,0.0,0.0,0.0,0.0
2018-12-14,0.0,0.0,0.0,0.0,0.0,0.0
2018-12-15,0.0,0.0,0.0,0.0,0.0,0.0
2018-12-16,0.0,0.0,0.0,0.0,0.0,0.0
2018-12-17,0.0,0.0,0.0,0.0,0.0,0.0
2018-12-18,0.0,0.0,0.0,0.0,0.0,0.0
2018-12-19,0.0,0.0,0.0,0.0,0.0,0.0
2018-12-20,0.0,0.0,0.0,0.0,0.0,0.0
2018-12-21,0.0,0.0,0.0,0.0,0.0,0.0
2018-12-22,0.0,0.0,0.0,0.0,0.0,0.0
2018-12-23,0.0,0.0,0.0,0.0,0.0,0.0
2018-12-24,0.0,0.0,0.0,0.0,0.0,0.0
2018-12-25,0.0,0.0,0.0,0.0,0.0,0.0
2018-12-26,0.0,0.0,0.0,0.0,0.0,0.0
2018-12-27,0.0,0.0,0.0,0.0,0.0,0.0
2018-12-28,0.0,0.0,0.0,0.0,0.0,0.0
2018-12-29,0.0,0.0,0.0,0.0,0.0,0.0
2018-12-30,0.0,0.0,0.0,0.0,0.0,0.0
2018-12-31,0.0,0.0,0.0,0.0,0.0,0.0
2019-01-01,0.0,0.0,0.0,0.0,0.0,0.0
2019-01-02,0.0,0.0,0.0,0.0,0.0,0.0
2019-01-03,0.0,0.0,0.0,0.0,0.0,0.0
2019-01-04,0.0,0.0,0.0,0.0,0.0,0.0
2019-01-05,0.0,0.0,0.0,0.0,0.0,0.0
2019-01-06,0.0,0.0,0.0,0.0,0.0,0.0
2019-01-07,0.0,0.0,0.0,0.0,0.0,0.0
2019-01-08,0.0,0.0,0.0,0.0,0.0,0.0
2019-01-09,0.0,0.0,0.0,0.0,0.0,0.0
2019-01-10,0.0,0.0,0.0,0.0,0.0,0.0
2019-01-11,0.0,0.0,0.0,0.0,0.0,0.0
2019-01-12,0.0,0.0,0.0,0.0,0.0,0.0
2019-01-13,0.0,0.0,0.0,0.0,0.0,0.0
2019-01-14,0.0,0.0,0.0,0.0,0.0,0.0
2019-01-15,0.0,0.0,0.0,0.0,0.0,0.0
2019-01-16,0.0,0.0,0.0,0.0,0.0,0.0
2019-01-17,0.0,0.0,0.0,0.0,0.0,0.0
2019-01-18,0.0,0.0,0.0,0.0,0.0,0.0
2019-01-19,0.0,0.0,0.0,0.0,0.0,0.0
2019-01-20,0.0,0.0,0.0,0.0,0.0,0.0
2019-01-21,0.0,0.0,0.0,0.0,0.0,0.0
2019-01-22,0.0,0.0,0.0,0.0,0.0,0.0
2019-01-23,0.0,0.0,0.0,0.0,0.0,0.0
2019-01-24,0.0,0.0,0.0,0.0,0.0,0.0
2019-01-25,0.0,0.0,0.0,0.0,0.0,0.0
2019-01-26,0.0,0.0,0.0,0.0,0.0,0.0
2019-01-27,0.0,0.0,0.0,0.0,0.0,0.0
2019-01-28,0.0,0.0,0.0,0.0,0.0,0.0
2019-01-29,0.0,0.0,0.0,0.0,0.0,0.0
2019-01-30,0.0,0.0,0.0,0.0,0.0,0.0
2019-01-31,0.0,0.0,0.0,0.0,0.0,0.0
2019-02-01,0.0,0.0,0.0,0.0,0.0,0.0
2019-02-02,0.0,0.0,0.0,0.0,0.0,0.0
2019-02-03,0.0,0.0,0.0,0.0,0.0,0.0
2019-02-04,0.0,0.0,0.0,0.0,0.0,0.0
2019-02-05,0.0,0.0,0.0,0.0,0.0,0.0
2019-02-06,0.0,0.0,0.0,0.0,0.0,0.0
2019-02-07,0.0,0.0,0.0,0.0,0.0,0.0
2019-02-08,0.0,0.0,0.0,0.0,0.0,0.0
2019-02-09,0.0,0.0,0.0,0.0,0.0,0.0
2019-02-10,0.0,0.0,0.0,0.0,0.0,0.0
2019-02-11,0.0,0.0,0.0,0.0,0.0,0.0
2019-02-12,0.0,0.0,0.0,0.0,0.0,0.0
2019-02-13,0.0,0.0,0.0,0.0,0.0,0.0
2019-02-14,0.0,0.0,0.0,0.0,0.0,0.0
2019-02-15,0.0,0.0,0.0,0.0,0.0,0.0
2019-02-16,0.0,0.0,0.0,0.0,0.0,0.0
2019-02-17,0.0,0.0,0.0,0.0,0.0,0.0
2019-02-18,0.0,0.0,0.0,0.0,0.0,0.0
2019-02-19,0.0,0.0,0.0,0.0,0.0,0.0
2019-02-20,0.0,0.0,0.0,0.0,0.0,0.0
2019-02-21,0.0,0.0,0.0,0.0,0.0,0.0
2019-02-22,0.0,0.0,0.0,0.0,0.0,0.0
2019-02-23,0.0,0.0,0.0,0.0,0.0,0.0
2019-02-24,0.0,0.0,0.0,0.0,0.0,0.0
2019-02-25,0.0,0.0,0.0,0.0,0.0,0.0
2019-02-26,0.0,0.0,0.0,0.0,0.0,0.0
2019-02-27,0.0,0.0,0.0,0.0,0.0,0.0
2019-02-28,0.0,0.0,0.0,0.0,0.0,0.0
2019-03-01,0.0,0.0,0.0,0.0,0.0,0.0
2019-03-02,0.0,0.0,0.0,0.0,0.0,0.0
2019-03-03,0.0,0.0,0.0,0.0,0.0,0.0
2019-03-04,0.0,0.0,0.0,0.0,0.0,0.0
2019-03-05,0.0,0.0,0.0,0.0,0.0,0.0
2019-03-06,0.0,0.0,0.0,0.0,0.0,0.0
2019-03-07,0.0,0.0,0.0,0.0,0.0,0.0
2019-03-08,0.0,0.0,0.0,0.0,0.0,0.0
2019-03-09,0.0,0.0,0.0,0.0,0.0,0.0
2019-03-10,0.0,0.0,0.0,0.0,0.0,0.0
2019-03-11,0.0,0.0,0.0,0.0,0.0,0.0
2019-03-12,0.0,0.0,0.0,0.0,0.0,0.0
2019-03-13,0.0,0.0,0.0,0.0,0.0,0.0
2019-03-14,0.0,0.0,0.0,0.0,0.0,0.0
2019-03-15,0.0,0.0,0.0,0.0,0.0,0.0
2019-03-16,0.0,0.0,0.0,0.0,0.0,0.0
2019-03-17,0.0,0.0,0.0,0.0,0.0,0.0
2019-03-18,0.0,0.0,0.0,0.0,0.0,0.0
2019-03-19,0.0,0.0,0.0,0.0,0.0,0.0
2019-03-20,0.0,0.0,0.0,0.0,0.0,0.0
2019-03-21,0.0,0.0,0.0,0.0,0.0,0.0
2019-03-22,0.0,0.0,0.0,0.0,0.0,0.0
2019-03-23,0.0,0.0,0.0,0.0,0.0,0.0
2019-03-24,0.0,0.0,0.0,0.0,0.0,0.0
2019-03-25,0.0,0.0,0.0,0.0,0.0,0.0
2019-03-26,0.0,0.0,0.0,0.0,0.0,0.0
2019-03-27,0.0,0.0,0.0,0.0,0.0,0.0
2019-03-28,0.0,0.0,0.0,0.0,0.0,0.0
2019-03-29,0.0,0.0,0.0,0.0,0.0,0.0
2019-03-30,0.0,0.0,0.0,0.0,0.0,0.0
2019-03-31,0.0,0.0,0.0,0.0,0.0,0.0
2019-04-01,0.0,0.0,0.0,0.0,0.0,0.0
2019-04-02,0.0,0.0,0.0,0.0,0.0,0.0
2019-04-03,0.0,0.0,0.0,0.0,0.0,0.0
2019-04-04,0.0,0.0,0.0,0.0,0.0,0.0
2019-04-05,0.0,0.0,0.0,0.0,0.0,0.0
2019-04-06,0.0,0.0,0.0,0.0,0.0,0.0
2019-04-07,0.0,0.0,0.0,0.0,0.0,0.0
2019-04-08,0.0,0.0,0.0,0.0,0.0,0.0
2019-04-09,0.0,0.0,0.0,0.0,0.0,0.0
2019-04-10,0.0,0.0,0.0,0.0,0.0,0.0
2019-04-11,0.0,0.0,0.0,0.0,0.0,0.0
2019-04-12,0.0,0.0,0.0,0.0,0.0,0.0
2019-04-13,0.0,0.0,0.0,0.0,0.0,0.0
2019-04-14,0.0,0.0,0.0,0.0,0.0,0.0
2019-04-15,0.0,0.0,0.0,0.0,0.0,0.0
2019-04-16,0.0,0.0,0.0,0.0,0.0,0.0
2019-04-17,0.0,0.0,0.0,0.0,0.0,0.0
2019-04-18,0.0,0.0,0.0,0.0,0.0,0.0
2019-04-19,0.0,0.0,0.0,0.0,0.0,0.0
2019-04-20,0.0,0.0,0.0,0.0,0.0,0.0
2019-04-21,0.0,0.0,0.0,0.0,0.0,0.0
2019-04-22,0.0,0.0,0.0,0.0,0.0,0.0
2019-04-23,0.0,0.0,0.0,0.0,0.0,0.0
2019-04-24,0.0,0.0,0.0,0.0,0.0,0.0
2019-04-25,0.0,0.0,0.0,0.0,0.0,0.0
2019-04-26,0.0,0.0,0.0,0.0,0.0,0.0
2019-04-27,0.0,0.0,0.0,0.0,0.0,0.0
2019-04-28,0.0,0.0,0.0,0.0,0.0,0.0
2019-04-29,0.0,0.0,0.0,0.0,0.0,0.0
2019-04-30,0.0,0.0,0.0,0.0,0.0,0.0
2019-05-01,0.0,0.0,0.0,0.0,0.0,0.0
2019-05-02,0.0,0.0,0.0,0.0,0.0,0.0
2019-05-03,0.0,0.0,0.0,0.0,0.0,0.0
2019-05-04,0.0,0.0,0.0,0.0,0.0,0.0
2019-05-05,0.0,0.0,0.0,0.0,0.0,0.0
2019-05-06,0.0,0.0,0.0,0.0,0.0,0.0
2019-05-07,0.0,0.0,0.0,0.0,0.0,0.0
2019-05-08,0.0,0.0,0.0,0.0,0.0,0.0
2019-05-09,0.0,0.0,0.0,0.0,0.0,0.0
2019-05-10,0.0,0.0,0.0,0.0,0.0,0.0
2019-05-11,0.0,0.0,0.0,0.0,0.0,0.0
2019-05-12,0.0,0.0,0.0,0.0,0.0,0.0
2019-05-13,0.0,0.0,0.0,0.0,0.0,0.0
2019-05-14,0.0,0.0,0.0,0.0,0.0,0.0
2019-05-15,0.0,0.0,0.0,0.0,0.0,0.0
2019-05-16,0.0,0.0,0.0,0.0,0.0,0.0
2019-05-17,0.0,0.0,0.0,0.0,0.0,0.0
2019-05-18,0.0,0.0,0.0,0.0,0.0,0.0
2019-05-19,0.0,0.0,0.0,0.0,0.0,0.0
2019-05-20,0.0,0.0,0.0,0.0,0.0,0.0
2019-05-21,0.0,0.0,0.0,0.0,0.0,0.0
2019-05-22,0.0,0.0,0.0,0.0,0.0,0.0
2019-05-23,0.0,0.0,0.0,0.0,0.0,0.0
2019-05-24,0.0,0.0,0.0,0.0,0.0,0.0
2019-05-25,0.0,0.0,0.0,0.0,0.0,0.0
2019-05-26,0.0,0.0,0.0,0.0,0.0,0.0
2019-05-27,0.0,0.0,0.0,0.0,0.0,0.0
2019-05-28,0.0,0.0,0.0,0.0,0.0,0.0
2019-05-29,0.0,0.0,0.0,0.0,0.0,0.0
2019-05-30,0.0,0.0,0.0,0.0,0.0,0.0
2019-05-31,0.0,0.0,0.0,0.0,0.0,0.0
2019-06-01,0.0,0.0,0.0,0.0,0.0,0.0
2019-06-02,0.0,0.0,0.0,0.0,0.0,0.0
2019-06-03,0.0,0.0,0.0,0.0,0.0,0.0
2019-06-04,0.0,0.0,0.0,0.0,0.0,0.0
2019-06-05,0.0,0.0,0.0,0.0,0.0,0.0
2019-06-06,0.0,0.0,0.0,0.0,0.0,0.0
2019-06-07,0.0,0.0,0.0,0.0,0.0,0.0
2019-06-08,0.0,0.0,0.0,0.0,0.0,0.0
2019-06-09,0.0,0.0,0.0,0.0,0.0,0.0
2019-06-10,0.0,0.0,0.0,0.0,0.0,0.0
2019-06-11,0.0,0.0,0.0,0.0,0.0,0.0
2019-06-12,0.0,0.0,0.0,0.0,0.0,0.0
2019-06-13,0.0,0.0,0.0,0.0,0.0,0.0
2019-06-14,0.0,0.0,0.0,0.0,0.0,0.0
2019-06-15,0.0,0.0,0.0,0.0,0.0,0.0
2019-06-16,0.0,0.0,0.0,0.0,0.0,0.0
2019-06-17,0.0,0.0,0.0,0.0,0.0,0.0
2019-06-18,0.0,0.0,0.0,0.0,0.0,0.0
2019-06-19,0.0,0.0,0.0,0.0,0.0,0.0
2019-06-20,0.0,0.0,0.0,0.0,0.0,0.0
2019-06-21,0.0,0.0,0.0,0.0,0.0,0.0
2019-06-22,0.0,0.0,0.0,0.0,0.0,0.0
2019-06-23,0.0,0.0,0.0,0.0,0.0,0.0
2019-06-24,0.0,0.0,0.0,0.0,0.0,0.0
2019-06-25,0.0,0.0,0.0,0.0,0.0,0.0
2019-06-26,0.0,0.0,0.0,0.0,0.0,0.0
2019-06-27,0.0,0.0,0.0,0.0,0.0,0.0
2019-06-28,0.0,0.0,0.0,0.0,0.0,0.0
2019-06-29,0.0,0.0,0.0,0.0,0.0,0.0
2019-06-30,0.0,0.0,0.0,0.0,0.0,0.0
2019-07-01,0.0,0.0,0.0,0.0,0.0,0.0
2019-07-02,0.0,0.0,0.0,0.0,0.0,0.0
2019-07-03,0.0,0.0,0.0,0.0,0.0,0.0
2019-07-04,0.0,0.0,0.0,0.0,0.0,0.0
2019-07-05,0.0,0.0,0.0,0.0,0.0,0.0
2019-07-06,0.0,0.0,0.0,0.0,0.0,0.0
2019-07-07,0.0,0.0,0.0,0.0,0.0,0.0
2019-07-08,0.0,0.0,0.0,0.0,0.0,0.0
2019-07-09,0.0,0.0,0.0,0.0,0.0,0.0
2019-07-10,0.0,0.0,0.0,0.0,0.0,0.0
2019-07-11,0.0,0.0,0.0,0.0,0.0,0.0
2019-07-12,0.0,0.0,0.0,0.0,0.0,0.0
2019-07-13,0.0,0.0,0.0,0.0,0.0,0.0
2019-07-14,0.0,0.0,0.0,0.0,0.0,0.0
2019-07-15,0.0,0.0,0.0,0.0,0.0,0.0
2019-07-16,0.0,0.0,0.0,0.0,0.0,0.0
2019-07-17,0.0,0.0,0.0,0.0,0.0,0.0
2019-07-18,0.0,0.0,0.0,0.0,0.0,0.0
2019-07-19,0.0,0.0,0.0,0.0,0.0,0.0
2019-07-20,0.0,0.0,0.0,0.0,0.0,0.0
2019-07-21,0.0,0.0,0.0,0.0,0.0,0.0
2019-07-22,0.0,0.0,0.0,0.0,0.0,0.0
2019-07-23,0.0,0.0,0.0,0.0,0.0,0.0
2019-07-24,0.0,0.0,0.0,0.0,0.0,0.0
2019-07-25,0.0,0.0,0.0,0.0,0.0,0.0
2019-07-26,0.0,0.0,0.0,0.0,0.0,0.0
2019-07-27,0.0,0.0,0.0,0.0,0.0,0.0
2019-07-28,0.0,0.0,0.0,0.0,0.0,0.0
2019-07-29,0.0,0.0,0.0,0.0,0.0,0.0
2019-07-30,0.0,0.0,0.0,0.0,0.0,0.0
2019-07-31,0.0,0.0,0.0,0.0,0.0,0.0
2019-08-01,0.0,0.0,0.0,0.0,0.0,0.0
2019-08-02,0.0,0.0,0.0,0.0,0.0,0.0
2019-08-03,0.0,0.0,0.0,0.0,0.0,0.0
2019-08-04,0.0,0.0,0.0,0.0,0.0,0.0
2019-08-05,0.0,0.0,0.0,0.0,0.0,0.0
2019-08-06,0.0,0.0,0.0,0.0,0.0,0.0
2019-08-07,0.0,0.0,0.0,0.0,0.0,0.0
2019-08-08,0.0,0.0,0.0,0.0,0.0,0.0
2019-08-09,0.0,0.0,0.0,0.0,0.0,0.0
2019-08-10,0.0,0.0,0.0,0.0,0.0,0.0
2019-08-11,0.0,0.0,0.0,0.0,0.0,0.0
2019-08-12,0.0,0.0,0.0,0.0,0.0,0.0
2019-08-13,0.0,0.0,0.0,0.0,0.0,0.0
2019-08-14,0.0,0.0,0.0,0.0,0.0,0.0
2019-08-15,0.0,0.0,0.0,0.0,0.0,0.0
2019-08-16,0.0,0.0,0.0,0.0,0.0,0.0
2019-08-17,0.0,0.0,0.0,0.0,0.0,0.0
2019-08-18,0.0,0.0,0.0,0.0,0.0,0.0
2019-08-19,0.0,0.0,0.0,0.0,0.0,0.0
2019-08-20,0.0,0.0,0.0,0.0,0.0,0.0
2019-08-21,0.0,0.0,0.0,0.0,0.0,0.0
2019-08-22,0.0,0.0,0.0,0.0,0.0,0.0
2019-08-23,0.0,0.0,0.0,0.0,0.0,0.0
2019-08-24,0.0,0.0,0.0,0.0,0.0,0.0
2019-08-25,0.0,0.0,0.0,0.0,0.0,0.0
2019-08-26,0.0,0.0,0.0,0.0,0.0,0.0
2019-08-27,0.0,0.0,0.0,0.0,0.0,0.0
2019-08-28,0.0,0.0,0.0,0.0,0.0,0.0
2019-08-29,0.0,0.0,0.0,0.0,0.0,0.0
2019-08-30,0.0,0.0,0.0,0.0,0.0,0.0
2019-08-31,0.0,0.0,0.0,0.0,0.0,0.0
2019-09-01,0.0,0.0,0.0,0.0,0.0,0.0
2019-09-02,0.0,0.0,0.0,0.0,0.0,0.0
2019-09-03,0.0,0.0,0.0,0.0,0.0,0.0
2019-09-04,0.0,0.0,0.0,0.0,0.0,0.0
2019-09-05,0.0,0.0,0.0,0.0,0.0,0.0
2019-09-06,0.0,0.0,0.0,0.0,0.0,0.0
2019-09-07,0.0,0.0,0.0,0.0,0.0,0.0
2019-09-08,0.0,0.0,0.0,0.0,0.0,0.0
2019-09-09,0.0,0.0,0.0,0.0,0.0,0.0
2019-09-10,0.0,0.0,0.0,0.0,0.0,0.0
2019-09-11,0.0,0.0,0.0,0.0,0.0,0.0
2019-09-12,0.0,0.0,0.0,0.0,0.0,0.0
2019-09-13,0.0,0.0,0.0,0.0,0.0,0.0
2019-09-14,0.0,0.0,0.0,0.0,0.0,0.0
2019-09-15,0.0,0.0,0.0,0.0,0.0,0.0
2019-09-16,0.0,0.0,0.0,0.0,0.0,0.0
2019-09-17,0.0,0.0,0.0,0.0,0.0,0.0
2019-09-18,0.0,0.0,0.0,0.0,0.0,0.0
2019-09-19,0.0,0.0,0.0,0.0,0.0,0.0
2019-09-20,0.0,0.0,0.0,0.0,0.0,0.0
2019-09-21,0.0,0.0,0.0,0.0,0.0,0.0
2019-09-22,0.0,0.0,0.0,0.0,0.0,0.0
2019-09-23,0.0,0.0,0.0,0.0,0.0,0.0
2019-09-24,0.0,0.0,0.0,0.0,0.0,0.0
2019-09-25,0.0,0.0,0.0,0.0,0.0,0.0
2019-09-26,0.0,0.0,0.0,0.0,0.0,0.0
2019-09-27,0.0,0.0,0.0,0.0,0.0,0.0
2019-09-28,0.0,0.0,0.0,0.0,0.0,0.0
2019-09-29,0.0,0.0,0.0,0.0,0.0,0.0
2019-09-30,0.0,0.0,0.0,0.0,0.0,0.0
2019-10-01,0.0,0.0,0.0,0.0,0.0,0.0
2019-10-02,0.0,0.0,0.0,0.0,0.0,0.0
2019-10-03,0.0,0.0,0.0,0.0,0.0,0.0
2019-10-04,0.0,0.0,0.0,0.0,0.0,0.0
2019-10-05,0.0,0.0,0.0,0.0,0.0,0.0
2019-10-06,0.0,0.0,0.0,0.0,0.0,0.0
2019-10-07,0.0,0.0,0.0,0.0,0.0,0.0
2019-10-08,0.0,0.0,0.0,0.0,0.0,0.0
2019-10-09,0.0,0.0,0.0,0.0,0.0,0.0
2019-10-10,0.0,0.0,0.0,0.0,0.0,0.0
2019-10-11,0.0,0.0,0.0,0.0,0.0,0.0
2019-10-12,0.0,0.0,0.0,0.0,0.0,0.0
2019-10-13,0.0,0.0,0.0,0.0,0.0,0.0
2019-10-14,0.0,0.0,0.0,0.0,0.0,0.0
2019-10-15,0.0,0.0,0.0,0.0,0.0,0.0
2019-10-16,0.0,0.0,0.0,0.0,0.0,0.0
2019-10-17,0.0,0.0,0.0,0.0,0.0,0.0
2019-10-18,0.0,0.0,0.0,0.0,0.0,0.0
2019-10-19,0.0,0.0,0.0,0.0,0.0,0.0
2019-10-20,0.0,0.0,0.0,0.0,0.0,0.0
2019-10-21,0.0,0.0,0.0,0.0,0.0,0.0
2019-10-22,0.0,0.0,0.0,0.0,0.0,0.0
2019-10-23,0.0,0.0,0.0,0.0,0.0,0.0
2019-10-24,0.0,0.0,0.0,0.0,0.0,0.0
2019-10-25,0.0,0.0,0.0,0.0,0.0,0.0
2019-10-26,0.0,0.0,0.0,0.0,0.0,0.0
2019-10-27,0.0,0.0,0.0,0.0,0.0,0.0
2019-10-28,0.0,0.0,0.0,0.0,0.0,0.0
2019-10-29,0.0,0.0,0.0,0.0,0.0,0.0
2019-10-30,0.0,0.0,0.0,0.0,0.0,0.0
2019-10-31,0.0,0.0,0.0,0.0,0.0,0.0
2019-11-01,0.0,0.0,0.0,0.0,0.0,0.0
2019-11-02,0.0,0.0,0.0,0.0,0.0,0.0
2019-11-03,0.0,0.0,0.0,0.0,0.0,0.0
2019-11-04,0.0,0.0,0.0,0.0,0.0,0.0
2019-11-05,0.0,0.0,0.0,0.0,0.0,0.0
2019-11-06,0.0,0.0,0.0,0.0,0.0,0.0
2019-11-07,0.0,0.0,0.0,0.0,0.0,0.0
2019-11-08,0.0,0.0,0.0,0.0,0.0,0.0
2019-11-09,0.0,0.0,0.0,0.0,0.0,0.0
2019-11-10,0.0,0.0,0.0,0.0,0.0,0.0
2019-11-11,0.0,0.0,0.0,0.0,0.0,0.0
2019-11-12,0.0,0.0,0.0,0.0,0.0,0.0
2019-11-13,0.0,0.0,0.0,0.0,0.0,0.0
2019-11-14,0.0,0.0,0.0,0.0,0.0,0.0
2019-11-15,0.0,0.0,0.0,0.0,0.0,0.0
2019-11-16,0.0,0.0,0.0,0.0,0.0,0.0
2019-11-17,0.0,0.0,0.0,0.0,0.0,0.0
2019-11-18,0.0,0.0,0.0,0.0,0.0,0.0
2019-11-19,0.0,0.0,0.0,0.0,0.0,0.0
2019-11-20,0.0,0.0,0.0,0.0,0.0,0.0
2019-11-21,0.0,0.0,0.0,0.0,0.0,0.0
2019-11-22,0.0,0.0,0.0,0.0,0.0,0.0
2019-11-23,0.0,0.0,0.0,0.0,0.0,0.0
2019-11-24,0.0,0.0,0.0,0.0,0.0,0.0
2019-11-25,0.0,0.0,0.0,0.0,0.0,0.0
2019-11-26,0.0,0.0,0.0,0.0,0.0,0.0
2019-11-27,0.0,0.0,0.0,0.0,0.0,0.0
2019-11-28,0.0,0.0,0.0,0.0,0.0,0.0
2019-11-29,0.0,0.0,0.0,0.0,0.0,0.0
2019-11-30,0.0,0.0,0.0,0.0,0.0,0.0
2019-12-01,0.0,0.0,0.0,0.0,0.0,0.0
2019-12-02,0.0,0.0,0.0,0.0,0.0,0.0
2019-12-03,0.0,0.0,0.0,0.0,0.0,0.0
2019-12-04,0.0,0.0,0.0,0.0,0.0,0.0
2019-12-05,0.0,0.0,0.0,0.0,0.0,0.0
2019-12-06,0.0,0.0,0.0,0.0,0.0,0.0
2019-12-07,0.0,0.0,0.0,0.0,0.0,0.0
2019-12-08,0.0,0.0,0.0,0.0,0.0,0.0
2019-12-09,0.0,0.0,0.0,0.0,0.0,0.0
2019-12-10,0.0,0.0,0.0,0.0,0.0,0.0
2019-12-11,0.0,0.0,0.0,0.0,0.0,0.0
2019-12-12,0.0,0.0,0.0,0.0,0.0,0.0
2019-12-13,0.0,0.0,0.0,0.0,0.0,0.0
2019-12-14,0.0,0.0,0.0,0.0,0.0,0.0
2019-12-15,0.0,0.0,0.0,0.0,0.0,0.0
2019-12-16,0.0,0.0,0.0,0.0,0.0,0.0
2019-12-17,0.0,0.0,0.0,0.0,0.0,0.0
2019-12-18,0.0,0.0,0.0,0.0,0.0,0.0
2019-12-19,0.0,0.0,0.0,0.0,0.0,0.0
2019-12-20,0.0,0.0,0.0,0.0,0.0,0.0
2019-12-21,0.0,0.0,0.0,0.0,0.0,0.0
2019-12-22,0.0,0.0,0.0,0.0,0.0,0.0
2019-12-23,0.0,0.0,0.0,0.0,0.0,0.0
2019-12-24,0.0,0.0,0.0,0.0,0.0,0.0
2019-12-25,0.0,0.0,0.0,0.0,0.0,0.0
2019-12-26,0.0,0.0,0.0,0.0,0.0,0.0
2019-12-27,0.0,0.0,0.0,0.0,0.0,0.0
2019-12-28,0.0,0.0,0.0,0.0,0.0,0.0
2019-12-29,0.0,0.0,0.0,0.0,0.0,0.0
2019-12-30,0.0,0.0,0.0,0.0,0.0,0.0
2019-12-31,0.0,0.0,0.0,0.0,0.0,0.0
2020-01-01,0.0,0.0,0.0,0.0,0.0,0.0
2020-01-02,0.0,0.0,0.0,0.0,0.0,0.0
2020-01-03,0.0,0.0,0.0,0.0,0.0,0.0
2020-01-04,0.0,0.0,0.0,0.0,0.0,0.0
2020-01-05,0.0,0.0,0.0,0.0,0.0,0.0
2020-01-06,0.0,0.0,0.0,0.0,0.0,0.0
2020-01-07,0.0,0.0,0.0,0.0,0.0,0.0
2020-01-08,0.0,0.0,0.0,0.0,0.0,0.0
2020-01-09,0.0,0.0,0.0,0.0,0.0,0.0
2020-01-10,0.0,0.0,0.0,0.0,0.0,0.0
2020-01-11,0.0,0.0,0.0,0.0,0.0,0.0
2020-01-12,0.0,0.0,0.0,0.0,0.0,0.0
2020-01-13,0.0,0.0,0.0,0.0,0.0,0.0
2020-01-14,0.0,0.0,0.0,0.0,0.0,0.0
2020-01-15,0.0,0.0,0.0,0.0,0.0,0.0
2020-01-16,0.0,0.0,0.0,0.0,0.0,0.0
2020-01-17,0.0,0.0,0.0,0.0,0.0,0.0
2020-01-18,0.0,0.0,0.0,0.0,0.0,0.0
2020-01-19,0.0,0.0,0.0,0.0,0.0,0.0
2020-01-20,0.0,0.0,0.0,0.0,0.0,0.0
2020-01-21,0.0,0.0,0.0,0.0,0.0,0.0
2020-01-22,0.0,0.0,0.0,0.0,0.0,0.0
2020-01-23,0.0,0.0,0.0,0.0,0.0,0.0
2020-01-24,0.0,0.0,0.0,0.0,0.0,0.0
2020-01-25,0.0,0.0,0.0,0.0,0.0,0.0
2020-01-26,0.0,0.0,0.0,0.0,0.0,0.0
2020-01-27,0.0,0.0,0.0,0.0,0.0,0.0
2020-01-28,0.0,0.0,0.0,0.0,0.0,0.0
2020-01-29,0.0,0.0,0.0,0.0,0.0,0.0
2020-01-30,0.0,0.0,0.0,0.0,0.0,0.0
2020-01-31,0.0,0.0,0.0,0.0,0.0,0.0
2020-02-01,0.0,0.0,0.0,0.0,0.0,0.0
2020-02-02,0.0,0.0,0.0,0.0,0.0,0.0
2020-02-03,0.0,0.0,0.0,0.0,0.0,0.0
2020-02-04,0.0,0.0,0.0,0.0,0.0,0.0
2020-02-05,0.0,0.0,0.0,0.0,0.0,0.0
2020-02-06,0.0,0.0,0.0,0.0,0.0,0.0
2020-02-07,0.0,0.0,0.0,0.0,0.0,0.0
2020-02-08,0.0,0.0,0.0,0.0,0.0,0.0
2020-02-09,0.0,0.0,0.0,0.0,0.0,0.0
2020-02-10,0.0,0.0,0.0,0.0,0.0,0.0
2020-02-11,0.0,0.0,0.0,0.0,0.0,0.0
2020-02-12,0.0,0.0,0.0,0.0,0.0,0.0
2020-02-13,0.0,0.0,0.0,0.0,0.0,0.0
2020-02-14,0.0,0.0,0.0,0.0,0.0,0.0
2020-02-15,0.0,0.0,0.0,0.0,0.0,0.0
2020-02-16,0.0,0.0,0.0,0.0,0.0,0.0
2020-02-17,0.0,0.0,0.0,0.0,0.0,0.0
2020-02-18,0.0,0.0,0.0,0.0,0.0,0.0
2020-02-19,0.0,0.0,0.0,0.0,0.0,0.0
2020-02-20,0.0,0.0,0.0,0.0,0.0,0.0
2020-02-21,0.0,0.0,0.0,0.0,0.0,0.0
2020-02-22,0.0,0.0,0.0,0.0,0.0,0.0
2020-02-23,0.0,0.0,0.0,0.0,0.0,0.0
2020-02-24,0.0,0.0,0.0,0.0,0.0,0.0
2020-02-25,0.0,0.0,0.0,0.0,0.0,0.0
2020-02-26,0.0,0.0,0.0,0.0,0.0,0.0
2020-02-27,0.0,0.0,0.0,0.0,0.0,0.0
2020-02-28,0.0,0.0,0.0,0.0,0.0,0.0
2020-02-29,0.0,0.0,0.0,0.0,0.0,0.0
2020-03-01,0.0,0.0,0.0,0.0,0.0,0.0
2020-03-02,0.0,0.0,0.0,0.0,0.0,0.0
2020-03-03,0.0,0.0,0.0,0.0,0.0,0.0
2020-03-04,0.0,0.0,0.0,0.0,0.0,0.0
2020-03-05,0.0,0.0,0.0,0.0,0.0,0.0
2020-03-06,0.0,0.0,0.0,0.0,0.0,0.0
2020-03-07,0.0,0.0,0.0,0.0,0.0,0.0
2020-03-08,0.0,0.0,0.0,0.0,0.0,0.0
2020-03-09,0.0,0.0,0.0,0.0,0.0,0.0
2020-03-10,0.0,0.0,0.0,0.0,0.0,0.0
2020-03-11,0.0,0.0,0.0,0.0,0.0,0.0
2020-03-12,0.0,0.0,0.0,0.0,0.0,0.0
2020-03-13,0.0,0.0,0.0,0.0,0.0,0.0
2020-03-14,0.0,0.0,0.0,0.0,0.0,0.0
2020-03-15,0.0,0.0,0.0,0.0,0.0,0.0
2020-03-16,0.0,0.0,0.0,0.0,0.0,0.0
2020-03-17,0.0,0.0,0.0,0.0,0.0,0.0
2020-03-18,0.0,0.0,0.0,0.0,0.0,0.0
2020-03-19,0.0,0.0,0.0,0.0,0.0,0.0
2020-03-20,0.0,0.0,0.0,0.0,0.0,0.0
2020-03-21,0.0,0.0,0.0,0.0,0.0,0.0
2020-03-22,0.0,0.0,0.0,0.0,0.0,0.0
2020-03-23,0.0,0.0,0.0,0.0,0.0,0.0
2020-03-24,0.0,0.0,0.0,0.0,0.0,0.0
2020-03-25,0.0,0.0,0.0,0.0,0.0,0.0
2020-03-26,0.0,0.0,0.0,0.0,0.0,0.0
2020-03-27,0.0,0.0,0.0,0.0,0.0,0.0
2020-03-28,0.0,0.0,0.0,0.0,0.0,0.0
2020-03-29,0.0,0.0,0.0,0.0,0.0,0.0
2020-03-30,0.0,0.0,0.0,0.0,0.0,0.0
2020-03-31,0.0,0.0,0.0,0.0,0.0,0.0
2020-04-01,0.0,0.0,0.0,0.0,0.0,0.0
2020-04-02,0.0,0.0,0.0,0.0,0.0,0.0
2020-04-03,0.0,0.0,0.0,0.0,0.0,0.0
2020-04-04,0.0,0.0,0.0,0.0,0.0,0.0
2020-04-05,0.0,0.0,0.0,0.0,0.0,0.0
2020-04-06,0.0,0.0,0.0,0.0,0.0,0.0
2020-04-07,0.0,0.0,0.0,0.0,0.0,0.0
2020-04-08,0.0,0.0,0.0,0.0,0.0,0.0
2020-04-09,0.0,0.0,0.0,0.0,0.0,0.0
2020-04-10,0.0,0.0,0.0,0.0,0.0,0.0
2020-04-11,0.0,0.0,0.0,0.0,0.0,0.0
2020-04-12,0.0,0.0,0.0,0.0,0.0,0.0
2020-04-13,0.0,0.0,0.0,0.0,0.0,0.0
2020-04-14,0.0,0.0,0.0,0.0,0.0,0.0
2020-04-15,0.0,0.0,0.0,0.0,0.0,0.0
2020-04-16,0.0,0.0,0.0,0.0,0.0,0.0
2020-04-17,0.0,0.0,0.0,0.0,0.0,0.0
2020-04-18,0.0,0.0,0.0,0.0,0.0,0.0
2020-04-19,0.0,0.0,0.0,0.0,0.0,0.0
2020-04-20,0.0,0.0,0.0,0.0,0.0,0.0
2020-04-21,0.0,0.0,0.0,0.0,0.0,0.0
2020-04-22,0.0,0.0,0.0,0.0,0.0,0.0
2020-04-23,0.0,0.0,0.0,0.0,0.0,0.0
2020-04-24,0.0,0.0,0.0,0.0,0.0,0.0
2020-04-25,0.0,0.0,0.0,0.0,0.0,0.0
2020-04-26,0.0,0.0,0.0,0.0,0.0,0.0
2020-04-27,0.0,0.0,0.0,0.0,0.0,0.0
2020-04-28,0.0,0.0,0.0,0.0,0.0,0.0
2020-04-29,0.0,0.0,0.0,0.0,0.0,0.0
2020-04-30,0.0,0.0,0.0,0.0,0.0,0.0
2020-05-01,0.0,0.0,0.0,0.0,0.0,0.0
2020-05-02,0.0,0.0,0.0,0.0,0.0,0.0
2020-05-03,0.0,0.0,0.0,0.0,0.0,0.0
2020-05-04,0.0,0.0,0.0,0.0,0.0,0.0
2020-05-05,0.0,0.0,0.0,0.0,0.0,0.0
2020-05-06,0.0,0.0,0.0,0.0,0.0,0.0
2020-05-07,0.0,0.0,0.0,0.0,0.0,0.0
2020-05-08,0.0,0.0,0.0,0.0,0.0,0.0
2020-05-09,0.0,0.0,0.0,0.0,0.0,0.0
2020-05-10,0.0,0.0,0.0,0.0,0.0,0.0
2020-05-11,0.0,0.0,0.0,0.0,0.0,0.0
2020-05-12,0.0,0.0,0.0,0.0,0.0,0.0
2020-05-13,0.0,0.0,0.0,0.0,0.0,0.0
2020-05-14,0.0,0.0,0.0,0.0,0.0,0.0
2020-05-15,0.0,0.0,0.0,0.0,0.0,0.0
2020-05-16,0.0,0.0,0.0,0.0,0.0,0.0
2020-05-17,0.0,0.0,0.0,0.0,0.0,0.0
2020-05-18,0.0,0.0,0.0,0.0,0.0,0.0
2020-05-19,0.0,0.0,0.0,0.0,0.0,0.0
2020-05-20,0.0,0.0,0.0,0.0,0.0,0.0
2020-05-21,0.0,0.0,0.0,0.0,0.0,0.0
2020-05-22,0.0,0.0,0.0,0.0,0.0,0.0
2020-05-23,0.0,0.0,0.0,0.0,0.0,0.0
2020-05-24,0.0,0.0,0.0,0.0,0.0,0.0
2020-05-25,0.0,0.0,0.0,0.0,0.0,0.0
2020-05-26,0.0,0.0,0.0,0.0,0.0,0.0
2020-05-27,0.0,0.0,0.0,0.0,0.0,0.0
2020-05-28,0.0,0.0,0.0,0.0,0.0,0.0
2020-05-29,0.0,0.0,0.0,0.0,0.0,0.0
2020-05-30,0.0,0.0,0.0,0.0,0.0,0.0
2020-05-31,0.0,0.0,0.0,0.0,0.0,0.0
2020-06-01,0.0,0.0,0.0,0.0,0.0,0.0
2020-06-02,0.0,0.0,0.0,0.0,0.0,0.0
2020-06-03,0.0,0.0,0.0,0.0,0.0,0.0
2020-06-04,0.0,0.0,0.0,0.0,0.0,0.0
2020-06-05,0.0,0.0,0.0,0.0,0.0,0.0
2020-06-06,0.0,0.0,0.0,0.0,0.0,0.0
2020-06-07,0.0,0.0,0.0,0.0,0.0,0.0
2020-06-08,0.0,0.0,0.0,0.0,0.0,0.0
2020-06-09,0.0,0.0,0.0,0.0,0.0,0.0
2020-06-10,0.0,0.0,0.0,0.0,0.0,0.0
2020-06-11,0.0,0.0,0.0,0.0,0.0,0.0
2020-06-12,0.0,0.0,0.0,0.0,0.0,0.0
2020-06-13,0.0,0.0,0.0,0.0,0.0,0.0
2020-06-14,0.0,0.0,0.0,0.0,0.0,0.0
2020-06-15,0.0,0.0,0.0,0.0,0.0,0.0
2020-06-16,0.0,0.0,0.0,0.0,0.0,0.0
2020-06-17,0.0,0.0,0.0,0.0,0.0,0.0
2020-06-18,0.0,0.0,0.0,0.0,0.0,0.0
2020-06-19,0.0,0.0,0.0,0.0,0.0,0.0
2020-06-20,0.0,0.0,0.0,0.0,0.0,0.0
2020-06-21,0.0,0.0,0.0,0.0,0.0,0.0
2020-06-22,0.0,0.0,0.0,0.0,0.0,0.0
2020-06-23,0.0,0.0,0.0,0.0,0.0,0.0
2020-06-24,0.0,0.0,0.0,0.0,0.0,0.0
2020-06-25,0.0,0.0,0.0,0.0,0.0,0.0
2020-06-26,0.0,0.0,0.0,0.0,0.0,0.0
2020-06-27,0.0,0.0,0.0,0.0,0.0,0.0
2020-06-28,0.0,0.0,0.0,0.0,0.0,0.0
2020-06-29,0.0,0.0,0.0,0.0,0.0,0.0
2020-06-30,0.0,0.0,0.0,0.0,0.0,0.0
2020-07-01,0.0,0.0,0.0,0.0,0.0,0.0
2020-07-02,0.0,0.0,0.0,0.0,0.0,0.0
2020-07-03,0.0,0.0,0.0,0.0,0.0,0.0
2020-07-04,0.0,0.0,0.0,0.0,0.0,0.0
2020-07-05,0.0,0.0,0.0,0.0,0.0,0.0
2020-07-06,0.0,0.0,0.0,0.0,0.0,0.0
2020-07-07,0.0,0.0,0.0,0.0,0.0,0.0
2020-07-08,0.0,0.0,0.0,0.0,0.0,0.0
2020-07-09,0.0,0.0,0.0,0.0,0.0,0.0
2020-07-10,0.0,0.0,0.0,0.0,0.0,0.0
2020-07-11,0.0,0.0,0.0,0.0,0.0,0.0
2020-07-12,0.0,0.0,0.0,0.0,0.0,0.0
2020-07-13,0.0,0.0,0.0,0.0,0.0,0.0
2020-07-14,0.0,0.0,0.0,0.0,0.0,0.0
2020-07-15,0.0,0.0,0.0,0.0,0.0,0.0
2020-07-16,0.0,0.0,0.0,0.0,0.0,0.0
2020-07-17,0.0,0.0,0.0,0.0,0.0,0.0
2020-07-18,0.0,0.0,0.0,0.0,0.0,0.0
2020-07-19,0.0,0.0,0.0,0.0,0.0,0.0
2020-07-20,0.0,0.0,0.0,0.0,0.0,0.0
2020-07-21,0.0,0.0,0.0,0.0,0.0,0.0
2020-07-22,0.0,0.0,0.0,0.0,0.0,0.0
2020-07-23,0.0,0.0,0.0,0.0,0.0,0.0
2020-07-24,0.0,0.0,0.0,0.0,0.0,0.0
2020-07-25,0.0,0.0,0.0,0.0,0.0,0.0
2020-07-26,0.0,0.0,0.0,0.0,0.0,0.0
2020-07-27,0.0,0.0,0.0,0.0,0.0,0.0
2020-07-28,0.0,0.0,0.0,0.0,0.0,0.0
2020-07-29,0.0,0.0,0.0,0.0,0.0,0.0
2020-07-30,0.0,0.0,0.0,0.0,0.0,0.0
2020-07-31,0.0,0.0,0.0,0.0,0.0,0.0
2020-08-01,0.0,0.0,0.0,0.0,0.0,0.0
2020-08-02,0.0,0.0,0.0,0.0,0.0,0.0
2020-08-03,0.0,0.0,0.0,0.0,0.0,0.0
2020-08-04,0.0,0.0,0.0,0.0,0.0,0.0
2020-08-05,0.0,0.0,0.0,0.0,0.0,0.0
2020-08-06,0.0,0.0,0.0,0.0,0.0,0.0
2020-08-07,0.0,0.0,0.0,0.0,0.0,0.0
2020-08-08,0.0,0.0,0.0,0.0,0.0,0.0
2020-08-09,0.0,0.0,0.0,0.0,0.0,0.0
2020-08-10,0.0,0.0,0.0,0.0,0.0,0.0
2020-08-11,0.0,0.0,0.0,0.0,0.0,0.0
2020-08-12,0.0,0.0,0.0,0.0,0.0,0.0
2020-08-13,0.0,0.0,0.0,0.0,0.0,0.0
2020-08-14,0.0,0.0,0.0,0.0,0.0,0.0
2020-08-15,0.0,0.0,0.0,0.0,0.0,0.0
2020-08-16,0.0,0.0,0.0,0.0,0.0,0.0
2020-08-17,0.0,0.0,0.0,0.0,0.0,0.0
2020-08-18,0.0,0.0,0.0,0.0,0.0,0.0
2020-08-19,0.0,0.0,0.0,0.0,0.0,0.0
2020-08-20,0.0,0.0,0.0,0.0,0.0,0.0
2020-08-21,0.0,0.0,0.0,0.0,0.0,0.0
2020-08-22,0.0,0.0,0.0,0.0,0.0,0.0
2020-08-23,0.0,0.0,0.0,0.0,0.0,0.0
2020-08-24,0.0,0.0,0.0,0.0,0.0,0.0
2020-08-25,0.0,0.0,0.0,0.0,0.0,0.0
2020-08-26,0.0,0.0,0.0,0.0,0.0,0.0
2020-08-27,0.0,0.0,0.0,0.0,0.0,0.0
2020-08-28,0.0,0.0,0.0,0.0,0.0,0.0
2020-08-29,0.0,0.0,0.0,0.0,0.0,0.0
2020-08-30,0.0,0.0,0.0,0.0,0.0,0.0
2020-08-31,0.0,0.0,0.0,0.0,0.0,0.0
2020-09-01,0.0,0.0,0.0,0.0,0.0,0.0
2020-09-02,0.0,0.0,0.0,0.0,0.0,0.0
2020-09-03,0.0,0.0,0.0,0.0,0.0,0.0
2020-09-04,0.0,0.0,0.0,0.0,0.0,0.0
2020-09-05,0.0,0.0,0.0,0.0,0.0,0.0
2020-09-06,0.0,0.0,0.0,0.0,0.0,0.0
2020-09-07,0.0,0.0,0.0,0.0,0.0,0.0
2020-09-08,0.0,0.0,0.0,0.0,0.0,0.0
2020-09-09,0.0,0.0,0.0,0.0,0.0,0.0
2020-09-10,0.0,0.0,0.0,0.0,0.0,0.0
2020-09-11,0.0,0.0,0.0,0.0,0.0,0.0
2020-09-12,0.0,0.0,0.0,0.0,0.0,0.0
2020-09-13,0.0,0.0,0.0,0.0,0.0,0.0
2020-09-14,0.0,0.0,0.0,0.0,0.0,0.0
2020-09-15,0.0,0.0,0.0,0.0,0.0,0.0
2020-09-16,0.0,0.0,0.0,0.0,0.0,0.0
2020-09-17,0.0,0.0,0.0,0.0,0.0,0.0
2020-09-18,0.0,0.0,0.0,0.0,0.0,0.0
2020-09-19,0.0,0.0,0.0,0.0,0.0,0.0
2020-09-20,0.0,0.0,0.0,0.0,0.0,0.0
2020-09-21,0.0,0.0,0.0,0.0,0.0,0.0
2020-09-22,0.0,0.0,0.0,0.0,0.0,0.0
2020-09-23,0.0,0.0,0.0,0.0,0.0,0.0
2020-09-24,0.0,0.0,0.0,0.0,0.0,0.0
2020-09-25,0.0,0.0,0.0,0.0,0.0,0.0
2020-09-26,0.0,0.0,0.0,0.0,0.0,0.0
2020-09-27,0.0,0.0,0.0,0.0,0.0,0.0
2020-09-28,0.0,0.0,0.0,0.0,0.0,0.0
2020-09-29,0.0,0.0,0.0,0.0,0.0,0.0
2020-09-30,0.0,0.0,0.0,0.0,0.0,0.0
2020-10-01,0.0,0.0,0.0,0.0,0.0,0.0
2020-10-02,0.0,0.0,0.0,0.0,0.0,0.0
2020-10-03,0.0,0.0,0.0,0.0,0.0,0.0
2020-10-04,0.0,0.0,0.0,0.0,0.0,0.0
2020-10-05,0.0,0.0,0.0,0.0,0.0,0.0
2020-10-06,0.0,0.0,0.0,0.0,0.0,0.0
2020-10-07,0.0,0.0,0.0,0.0,0.0,0.0
2020-10-08,0.0,0.0,0.0,0.0,0.0,0.0
2020-10-09,0.0,0.0,0.0,0.0,0.0,0.0
2020-10-10,0.0,0.0,0.0,0.0,0.0,0.0
2020-10-11,0.0,0.0,0.0,0.0,0.0,0.0
2020-10-12,0.0,0.0,0.0,0.0,0.0,0.0
2020-10-13,0.0,0.0,0.0,0.0,0.0,0.0
2020-10-14,0.0,0.0,0.0,0.0,0.0,0.0
2020-10-15,0.0,0.0,0.0,0.0,0.0,0.0
2020-10-16,0.0,0.0,0.0,0.0,0.0,0.0
2020-10-17,0.0,0.0,0.0,0.0,0.0,0.0
2020-10-18,0.0,0.0,0.0,0.0,0.0,0.0
2020-10-19,0.0,0.0,0.0,0.0,0.0,0.0
2020-10-20,0.0,0.0,0.0,0.0,0.0,0.0
2020-10-21,0.0,0.0,0.0,0.0,0.0,0.0
2020-10-22,0.0,0.0,0.0,0.0,0.0,0.0
2020-10-23,0.0,0.0,0.0,0.0,0.0,0.0
2020-10-24,0.0,0.0,0.0,0.0,0.0,0.0
2020-10-25,0.0,0.0,0.0,0.0,0.0,0.0
2020-10-26,0.0,0.0,0.0,0.0,0.0,0.0
2020-10-27,0.0,0.0,0.0,0.0,0.0,0.0
2020-10-28,0.0,0.0,0.0,0.0,0.0,0.0
2020-10-29,0.0,0.0,0.0,0.0,0.0,0.0
2020-10-30,0.0,0.0,0.0,0.0,0.0,0.0
2020-10-31,0.0,0.0,0.0,0.0,0.0,0.0
2020-11-01,0.0,0.0,0.0,0.0,0.0,0.0
2020-11-02,0.0,0.0,0.0,0.0,0.0,0.0
2020-11-03,0.0,0.0,0.0,0.0,0.0,0.0
2020-11-04,0.0,0.0,0.0,0.0,0.0,0.0
2020-11-05,0.0,0.0,0.0,0.0,0.0,0.0
2020-11-06,0.0,0.0,0.0,0.0,0.0,0.0
2020-11-07,0.0,0.0,0.0,0.0,0.0,0.0
2020-11-08,0.0,0.0,0.0,0.0,0.0,0.0
2020-11-09,0.0,0.0,0.0,0.0,0.0,0.0
2020-11-10,0.0,0.0,0.0,0.0,0.0,0.0
2020-11-11,0.0,0.0,0.0,0.0,0.0,0.0
2020-11-12,0.0,0.0,0.0,0.0,0.0,0.0
2020-11-13,0.0,0.0,0.0,0.0,0.0,0.0
2020-11-14,0.0,0.0,0.0,0.0,0.0,0.0
2020-11-15,0.0,0.0,0.0,0.0,0.0,0.0
2020-11-16,0.0,0.0,0.0,0.0,0.0,0.0
2020-11-17,0.0,0.0,0.0,0.0,0.0,0.0
2020-11-18,0.0,0.0,0.0,0.0,0.0,0.0
2020-11-19,0.0,0.0,0.0,0.0,0.0,0.0
2020-11-20,0.0,0.0,0.0,0.0,0.0,0.0
2020-11-21,0.0,0.0,0.0,0.0,0.0,0.0
2020-11-22,0.0,0.0,0.0,0.0,0.0,0.0
2020-11-23,0.0,0.0,0.0,0.0,0.0,0.0
2020-11-24,0.0,0.0,0.0,0.0,0.0,0.0
2020-11-25,0.0,0.0,0.0,0.0,0.0,0.0
2020-11-26,0.0,0.0,0.0,0.0,0.0,0.0
2020-11-27,0.0,0.0,0.0,0.0,0.0,0.0
2020-11-28,0.0,0.0,0.0,0.0,0.0,0.0
2020-11-29,0.0,0.0,0.0,0.0,0.0,0.0
2020-11-30,0.0,0.0,0.0,0.0,0.0,0.0
2020-12-01,0.0,0.0,0.0,0.0,0.0,0.0
2020-12-02,0.0,0.0,0.0,0.0,0.0,0.0
2020-12-03,0.0,0.0,0.0,0.0,0.0,0.0
2020-12-04,0.0,0.0,0.0,0.0,0.0,0.0
2020-12-05,0.0,0.0,0.0,0.0,0.0,0.0
2020-12-06,0.0,0.0,0.0,0.0,0.0,0.0
2020-12-07,0.0,0.0,0.0,0.0,0.0,0.0
2020-12-08,0.0,0.0,0.0,0.0,0.0,0.0
2020-12-09,0.0,0.0,0.0,0.0,0.0,0.0
2020-12-10,0.0,0.0,0.0,0.0,0.0,0.0
2020-12-11,0.0,0.0,0.0,0.0,0.0,0.0
2020-12-12,0.0,0.0,0.0,0.0,0.0,0.0
2020-12-13,0.0,0.0,0.0,0.0,0.0,0.0
2020-12-14,0.0,0.0,0.0,0.0,0.0,0.0
2020-12-15,0.0,0.0,0.0,0.0,0.0,0.0
2020-12-16,0.0,0.0,0.0,0.0,0.0,0.0
2020-12-17,0.0,0.0,0.0,0.0,0.0,0.0
2020-12-18,0.0,0.0,0.0,0.0,0.0,0.0
2020-12-19,0.0,0.0,0.0,0.0,0.0,0.0
2020-12-20,0.0,0.0,0.0,0.0,0.0,0.0
2020-12-21,0.0,0.0,0.0,0.0,0.0,0.0
2020-12-22,0.0,0.0,0.0,0.0,0.0,0.0
2020-12-23,0.0,0.0,0.0,0.0,0.0,0.0
2020-12-24,0.0,0.0,0.0,0.0,0.0,0.0
2020-12-25,0.0,0.0,0.0,0.0,0.0,0.0
2020-12-26,0.0,0.0,0.0,0.0,0.0,0.0
2020-12-27,0.0,0.0,0.0,0.0,0.0,0.0
2020-12-28,0.0,0.0,0.0,0.0,0.0,0.0
2020-12-29,0.0,0.0,0.0,0.0,0.0,0.0
2020-12-30,0.0,0.0,0.0,0.0,0.0,0.0
2020-12-31,0.0,0.0,0.0,0.0,0.0,0.0
2021-01-01,0.0,0.0,0.0,0.0,0.0,0.0
2021-01-02,0.0,0.0,0.0,0.0,0.0,0.0
2021-01-03,0.0,0.0,0.0,0.0,0.0,0.0
2021-01-04,0.0,0.0,0.0,0.0,0.0,0.0
2021-01-05,0.0,0.0,0.0,0.0,0.0,0.0
2021-01-06,0.0,0.0,0.0,0.0,0.0,0.0
2021-01-07,0.0,0.0,0.0,0.0,0.0,0.0
2021-01-08,0.0,0.0,0.0,0.0,0.0,0.0
2021-01-09,0.0,0.0,0.0,0.0,0.0,0.0
2021-01-10,0.0,0.0,0.0,0.0,0.0,0.0
2021-01-11,0.0,0.0,0.0,0.0,0.0,0.0
2021-01-12,0.0,0.0,0.0,0.0,0.0,0.0
2021-01-13,0.0,0.0,0.0,0.0,0.0,0.0
2021-01-14,0.0,0.0,0.0,0.0,0.0,0.0
2021-01-15,0.0,0.0,0.0,0.0,0.0,0.0
2021-01-16,0.0,0.0,0.0,0.0,0.0,0.0
2021-01-17,0.0,0.0,0.0,0.0,0.0,0.0
2021-01-18,0.0,0.0,0.0,0.0,0.0,0.0
2021-01-19,0.0,0.0,0.0,0.0,0.0,0.0
2021-01-20,0.0,0.0,0.0,0.0,0.0,0.0
2021-01-21,0.0,0.0,0.0,0.0,0.0,0.0
2021-01-22,0.0,0.0,0.0,0.0,0.0,0.0
2021-01-23,0.0,0.0,0.0,0.0,0.0,0.0
2021-01-24,0.0,0.0,0.0,0.0,0.0,0.0
2021-01-25,0.0,0.0,0.0,0.0,0.0,0.0
2021-01-26,0.0,0.0,0.0,0.0,0.0,0.0
2021-01-27,0.0,0.0,0.0,0.0,0.0,0.0
2021-01-28,0.0,0.0,0.0,0.0,0.0,0.0
2021-01-29,0.0,0.0,0.0,0.0,0.0,0.0
2021-01-30,0.0,0.0,0.0,0.0,0.0,0.0
2021-01-31,0.0,0.0,0.0,0.0,0.0,0.0
2021-02-01,0.0,0.0,0.0,0.0,0.0,0.0
2021-02-02,0.0,0.0,0.0,0.0,0.0,0.0
2021-02-03,0.0,0.0,0.0,0.0,0.0,0.0
2021-02-04,0.0,0.0,0.0,0.0,0.0,0.0
2021-02-05,0.0,0.0,0.0,0.0,0.0,0.0
2021-02-06,0.0,0.0,0.0,0.0,0.0,0.0
2021-02-07,0.0,0.0,0.0,0.0,0.0,0.0
2021-02-08,0.0,0.0,0.0,0.0,0.0,0.0
2021-02-09,0.0,0.0,0.0,0.0,0.0,0.0
2021-02-10,0.0,0.0,0.0,0.0,0.0,0.0
2021-02-11,0.0,0.0,0.0,0.0,0.0,0.0
2021-02-12,0.0,0.0,0.0,0.0,0.0,0.0
2021-02-13,0.0,0.0,0.0,0.0,0.0,0.0
2021-02-14,0.0,0.0,0.0,0.0,0.0,0.0
2021-02-15,0.0,0.0,0.0,0.0,0.0,0.0
2021-02-16,0.0,0.0,0.0,0.0,0.0,0.0
2021-02-17,0.0,0.0,0.0,0.0,0.0,0.0
2021-02-18,0.0,0.0,0.0,0.0,0.0,0.0
2021-02-19,0.0,0.0,0.0,0.0,0.0,0.0
2021-02-20,0.0,0.0,0.0,0.0,0.0,0.0
2021-02-21,0.0,0.0,0.0,0.0,0.0,0.0
2021-02-22,0.0,0.0,0.0,0.0,0.0,0.0
2021-02-23,0.0,0.0,0.0,0.0,0.0,0.0
2021-02-24,0.0,0.0,0.0,0.0,0.0,0.0
2021-02-25,0.0,0.0,0.0,0.0,0.0,0.0
2021-02-26,0.0,0.0,0.0,0.0,0.0,0.0
2021-02-27,0.0,0.0,0.0,0.0,0.0,0.0
2021-02-28,0.0,0.0,0.0,0.0,0.0,0.0
2021-03-01,0.0,0.0,0.0,0.0,0.0,0.0
2021-03-02,0.0,0.0,0.0,0.0,0.0,0.0
2021-03-03,0.0,0.0,0.0,0.0,0.0,0.0
2021-03-04,0.0,0.0,0.0,0.0,0.0,0.0
2021-03-05,0.0,0.0,0.0,0.0,0.0,0.0
2021-03-06,0.0,0.0,0.0,0.0,0.0,0.0
2021-03-07,0.0,0.0,0.0,0.0,0.0,0.0
2021-03-08,0.0,0.0,0.0,0.0,0.0,0.0
2021-03-09,0.0,0.0,0.0,0.0,0.0,0.0
2021-03-10,0.0,0.0,0.0,0.0,0.0,0.0
2021-03-11,0.0,0.0,0.0,0.0,0.0,0.0
2021-03-12,0.0,0.0,0.0,0.0,0.0,0.0
2021-03-13,0.0,0.0,0.0,0.0,0.0,0.0
2021-03-14,0.0,0.0,0.0,0.0,0.0,0.0
2021-03-15,0.0,0.0,0.0,0.0,0.0,0.0
2021-03-16,0.0,0.0,0.0,0.0,0.0,0.0
2021-03-17,0.0,0.0,0.0,0.0,0.0,0.0
2021-03-18,0.0,0.0,0.0,0.0,0.0,0.0
2021-03-19,0.0,0.0,0.0,0.0,0.0,0.0
2021-03-20,0.0,0.0,0.0,0.0,0.0,0.0
2021-03-21,0.0,0.0,0.0,0.0,0.0,0.0
2021-03-22,0.0,0.0,0.0,0.0,0.0,0.0
2021-03-23,0.0,0.0,0.0,0.0,0.0,0.0
2021-03-24,0.0,0.0,0.0,0.0,0.0,0.0
2021-03-25,0.0,0.0,0.0,0.0,0.0,0.0
2021-03-26,0.0,0.0,0.0,0.0,0.0,0.0
2021-03-27,0.0,0.0,0.0,0.0,0.0,0.0
2021-03-28,0.0,0.0,0.0,0.0,0.0,0.0
2021-03-29,0.0,0.0,0.0,0.0,0.0,0.0
2021-03-30,0.0,0.0,0.0,0.0,0.0,0.0
2021-03-31,0.0,0.0,0.0,0.0,0.0,0.0
2021-04-01,0.0,0.0,0.0,0.0,0.0,0.0
2021-04-02,0.0,0.0,0.0,0.0,0.0,0.0
2021-04-03,0.0,0.0,0.0,0.0,0.0,0.0
2021-04-04,0.0,0.0,0.0,0.0,0.0,0.0
2021-04-05,0.0,0.0,0.0,0.0,0.0,0.0
2021-04-06,0.0,0.0,0.0,0.0,0.0,0.0
2021-04-07,0.0,0.0,0.0,0.0,0.0,0.0
2021-04-08,0.0,0.0,0.0,0.0,0.0,0.0
2021-04-09,0.0,0.0,0.0,0.0,0.0,0.0
2021-04-10,0.0,0.0,0.0,0.0,0.0,0.0
2021-04-11,0.0,0.0,0.0,0.0,0.0,0.0
2021-04-12,0.0,0.0,0.0,0.0,0.0,0.0
2021-04-13,0.0,0.0,0.0,0.0,0.0,0.0
2021-04-14,0.0,0.0,0.0,0.0,0.0,0.0
2021-04-15,0.0,0.0,0.0,0.0,0.0,0.0
2021-04-16,0.0,0.0,0.0,0.0,0.0,0.0
2021-04-17,0.0,0.0,0.0,0.0,0.0,0.0
2021-04-18,0.0,0.0,0.0,0.0,0.0,0.0
2021-04-19,0.0,0.0,0.0,0.0,0.0,0.0
2021-04-20,0.0,0.0,0.0,0.0,0.0,0.0
2021-04-21,0.0,0.0,0.0,0.0,0.0,0.0
2021-04-22,0.0,0.0,0.0,0.0,0.0,0.0
2021-04-23,0.0,0.0,0.0,0.0,0.0,0.0
2021-04-24,0.0,0.0,0.0,0.0,0.0,0.0
2021-04-25,0.0,0.0,0.0,0.0,0.0,0.0
2021-04-26,0.0,0.0,0.0,0.0,0.0,0.0
2021-04-27,0.0,0.0,0.0,0.0,0.0,0.0
2021-04-28,0.0,0.0,0.0,0.0,0.0,0.0
2021-04-29,0.0,0.0,0.0,0.0,0.0,0.0
2021-04-30,0.0,0.0,0.0,0.0,0.0,0.0
2021-05-01,0.0,0.0,0.0,0.0,0.0,0.0
2021-05-02,0.0,0.0,0.0,0.0,0.0,0.0
2021-05-03,0.0,0.0,0.0,0.0,0.0,0.0
2021-05-04,0.0,0.0,0.0,0.0,0.0,0.0
2021-05-05,0.0,0.0,0.0,0.0,0.0,0.0
2021-05-06,0.0,0.0,0.0,0.0,0.0,0.0
2021-05-07,0.0,0.0,0.0,0.0,0.0,0.0
2021-05-08,0.0,0.0,0.0,0.0,0.0,0.0
2021-05-09,0.0,0.0,0.0,0.0,0.0,0.0
2021-05-10,0.0,0.0,0.0,0.0,0.0,0.0
2021-05-11,0.0,0.0,0.0,0.0,0.0,0.0
2021-05-12,0.0,0.0,0.0,0.0,0.0,0.0
2021-05-13,0.0,0.0,0.0,0.0,0.0,0.0
2021-05-14,0.0,0.0,0.0,0.0,0.0,0.0
2021-05-15,0.0,0.0,0.0,0.0,0.0,0.0
2021-05-16,0.0,0.0,0.0,0.0,0.0,0.0
2021-05-17,0.0,0.0,0.0,0.0,0.0,0.0
2021-05-18,0.0,0.0,0.0,0.0,0.0,0.0
2021-05-19,0.0,0.0,0.0,0.0,0.0,0.0
2021-05-20,0.0,0.0,0.0,0.0,0.0,0.0
2021-05-21,0.0,0.0,0.0,0.0,0.0,0.0
2021-05-22,0.0,0.0,0.0,0.0,0.0,0.0
2021-05-23,0.0,0.0,0.0,0.0,0.0,0.0
2021-05-24,0.0,0.0,0.0,0.0,0.0,0.0
2021-05-25,0.0,0.0,0.0,0.0,0.0,0.0
2021-05-26,0.0,0.0,0.0,0.0,0.0,0.0
2021-05-27,0.0,0.0,0.0,0.0,0.0,0.0
2021-05-28,0.0,0.0,0.0,0.0,0.0,0.0
2021-05-29,0.0,0.0,0.0,0.0,0.0,0.0
2021-05-30,0.0,0.0,0.0,0.0,0.0,0.0
2021-05-31,0.0,0.0,0.0,0.0,0.0,0.0
2021-06-01,0.0,0.0,0.0,0.0,0.0,0.0
2021-06-02,0.0,0.0,0.0,0.0,0.0,0.0
2021-06-03,0.0,0.0,0.0,0.0,0.0,0.0
2021-06-04,0.0,0.0,0.0,0.0,0.0,0.0
2021-06-05,0.0,0.0,0.0,0.0,0.0,0.0
2021-06-06,0.0,0.0,0.0,0.0,0.0,0.0
2021-06-07,0.0,0.0,0.0,0.0,0.0,0.0
2021-06-08,0.0,0.0,0.0,0.0,0.0,0.0
2021-06-09,0.0,0.0,0.0,0.0,0.0,0.0
2021-06-10,0.0,0.0,0.0,0.0,0.0,0.0
2021-06-11,0.0,0.0,0.0,0.0,0.0,0.0
2021-06-12,0.0,0.0,0.0,0.0,0.0,0.0
2021-06-13,0.0,0.0,0.0,0.0,0.0,0.0
2021-06-14,0.0,0.0,0.0,0.0,0.0,0.0
2021-06-15,0.0,0.0,0.0,0.0,0.0,0.0
2021-06-16,0.0,0.0,0.0,0.0,0.0,0.0
2021-06-17,0.0,0.0,0.0,0.0,0.0,0.0
2021-06-18,0.0,0.0,0.0,0.0,0.0,0.0
2021-06-19,0.0,0.0,0.0,0.0,0.0,0.0
2021-06-20,0.0,0.0,0.0,0.0,0.0,0.0
2021-06-21,0.0,0.0,0.0,0.0,0.0,0.0
2021-06-22,0.0,0.0,0.0,0.0,0.0,0.0
2021-06-23,0.0,0.0,0.0,0.0,0.0,0.0
2021-06-24,0.0,0.0,0.0,0.0,0.0,0.0
2021-06-25,0.0,0.0,0.0,0.0,0.0,0.0
2021-06-26,0.0,0.0,0.0,0.0,0.0,0.0
2021-06-27,0.0,0.0,0.0,0.0,0.0,0.0
2021-06-28,0.0,0.0,0.0,0.0,0.0,0.0
2021-06-29,0.0,0.0,0.0,0.0,0.0,0.0
2021-06-30,0.0,0.0,0.0,0.0,0.0,0.0
2021-07-01,0.0,0.0,0.0,0.0,0.0,0.0
2021-07-02,0.0,0.0,0.0,0.0,0.0,0.0
2021-07-03,0.0,0.0,0.0,0.0,0.0,0.0
2021-07-04,0.0,0.0,0.0,0.0,0.0,0.0
2021-07-05,0.0,0.0,0.0,0.0,0.0,0.0
2021-07-06,0.0,0.0,0.0,0.0,0.0,0.0
2021-07-07,0.0,0.0,0.0,0.0,0.0,0.0
2021-07-08,0.0,0.0,0.0,0.0,0.0,0.0
2021-07-09,0.0,0.0,0.0,0.0,0.0,0.0
2021-07-10,0.0,0.0,0.0,0.0,0.0,0.0
2021-07-11,0.0,0.0,0.0,0.0,0.0,0.0
2021-07-12,0.0,0.0,0.0,0.0,0.0,0.0
2021-07-13,0.0,0.0,0.0,0.0,0.0,0.0
2021-07-14,0.0,0.0,0.0,0.0,0.0,0.0
2021-07-15,0.0,0.0,0.0,0.0,0.0,0.0
2021-07-16,0.0,0.0,0.0,0.0,0.0,0.0
2021-07-17,0.0,0.0,0.0,0.0,0.0,0.0
2021-07-18,0.0,0.0,0.0,0.0,0.0,0.0
2021-07-19,0.0,0.0,0.0,0.0,0.0,0.0
2021-07-20,0.0,0.0,0.0,0.0,0.0,0.0
2021-07-21,0.0,0.0,0.0,0.0,0.0,0.0
2021-07-22,0.0,0.0,0.0,0.0,0.0,0.0
2021-07-23,0.0,0.0,0.0,0.0,0.0,0.0
2021-07-24,0.0,0.0,0.0,0.0,0.0,0.0
2021-07-25,0.0,0.0,0.0,0.0,0.0,0.0
2021-07-26,0.0,0.0,0.0,0.0,0.0,0.0
2021-07-27,0.0,0.0,0.0,0.0,0.0,0.0
2021-07-28,0.0,0.0,0.0,0.0,0.0,0.0
2021-07-29,0.0,0.0,0.0,0.0,0.0,0.0
2021-07-30,0.0,0.0,0.0,0.0,0.0,0.0
2021-07-31,0.0,0.0,0.0,0.0,0.0,0.0
2021-08-01,0.0,0.0,0.0,0.0,0.0,0.0
2021-08-02,0.0,0.0,0.0,0.0,0.0,0.0
2021-08-03,0.0,0.0,0.0,0.0,0.0,0.0
2021-08-04,0.0,0.0,0.0,0.0,0.0,0.0
2021-08-05,0.0,0.0,0.0,0.0,0.0,0.0
2021-08-06,0.0,0.0,0.0,0.0,0.0,0.0
2021-08-07,0.0,0.0,0.0,0.0,0.0,0.0
2021-08-08,0.0,0.0,0.0,0.0,0.0,0.0
2021-08-09,0.0,0.0,0.0,0.0,0.0,0.0
2021-08-10,0.0,0.0,0.0,0.0,0.0,0.0
2021-08-11,0.0,0.0,0.0,0.0,0.0,0.0
2021-08-12,0.0,0.0,0.0,0.0,0.0,0.0
2021-08-13,0.0,0.0,0.0,0.0,0.0,0.0
2021-08-14,0.0,0.0,0.0,0.0,0.0,0.0
2021-08-15,0.0,0.0,0.0,0.0,0.0,0.0
2021-08-16,0.0,0.0,0.0,0.0,0.0,0.0
2021-08-17,0.0,0.0,0.0,0.0,0.0,0.0
2021-08-18,0.0,0.0,0.0,0.0,0.0,0.0
2021-08-19,0.0,0.0,0.0,0.0,0.0,0.0
2021-08-20,0.0,0.0,0.0,0.0,0.0,0.0
2021-08-21,0.0,0.0,0.0,0.0,0.0,0.0
2021-08-22,0.0,0.0,0.0,0.0,0.0,0.0
2021-08-23,0.0,0.0,0.0,0.0,0.0,0.0
2021-08-24,0.0,0.0,0.0,0.0,0.0,0.0
2021-08-25,0.0,0.0,0.0,0.0,0.0,0.0
2021-08-26,0.0,0.0,0.0,0.0,0.0,0.0
2021-08-27,0.0,0.0,0.0,0.0,0.0,0.0
2021-08-28,0.0,0.0,0.0,0.0,0.0,0.0
2021-08-29,0.0,0.0,0.0,0.0,0.0,0.0
2021-08-30,0.0,0.0,0.0,0.0,0.0,0.0
2021-08-31,0.0,0.0,0.0,0.0,0.0,0.0
2021-09-01,0.0,0.0,0.0,0.0,0.0,0.0
2021-09-02,0.0,0.0,0.0,0.0,0.0,0.0
2021-09-03,0.0,0.0,0.0,0.0,0.0,0.0
2021-09-04,0.0,0.0,0.0,0.0,0.0,0.0
2021-09-05,0.0,0.0,0.0,0.0,0.0,0.0
2021-09-06,0.0,0.0,0.0,0.0,0.0,0.0
2021-09-07,0.0,0.0,0.0,0.0,0.0,0.0
2021-09-08,0.0,0.0,0.0,0.0,0.0,0.0
2021-09-09,0.0,0.0,0.0,0.0,0.0,0.0
2021-09-10,0.0,0.0,0.0,0.0,0.0,0.0
2021-09-11,0.0,0.0,0.0,0.0,0.0,0.0
2021-09-12,0.0,0.0,0.0,0.0,0.0,0.0
2021-09-13,0.0,0.0,0.0,0.0,0.0,0.0
2021-09-14,0.0,0.0,0.0,0.0,0.0,0.0
2021-09-15,0.0,0.0,0.0,0.0,0.0,0.0
2021-09-16,0.0,0.0,0.0,0.0,0.0,0.0
2021-09-17,0.0,0.0,0.0,0.0,0.0,0.0
2021-09-18,0.0,0.0,0.0,0.0,0.0,0.0
2021-09-19,0.0,0.0,0.0,0.0,0.0,0.0
2021-09-20,0.0,0.0,0.0,0.0,0.0,0.0
2021-09-21,0.0,0.0,0.0,0.0,0.0,0.0
2021-09-22,0.0,0.0,0.0,0.0,0.0,0.0
2021-09-23,0.0,0.0,0.0,0.0,0.0,0.0
2021-09-24,0.0,0.0,0.0,0.0,0.0,0.0
2021-09-25,0.0,0.0,0.0,0.0,0.0,0.0
2021-09-26,0.0,0.0,0.0,0.0,0.0,0.0
2021-09-27,0.0,0.0,0.0,0.0,0.0,0.0
2021-09-28,0.0,0.0,0.0,0.0,0.0,0.0
2021-09-29,0.0,0.0,0.0,0.0,0.0,0.0
2021-09-30,0.0,0.0,0.0,0.0,0.0,0.0
2021-10-01,0.0,0.0,0.0,0.0,0.0,0.0
2021-10-02,0.0,0.0,0.0,0.0,0.0,0.0
2021-10-03,0.0,0.0,0.0,0.0,0.0,0.0
2021-10-04,0.0,0.0,0.0,0.0,0.0,0.0
2021-10-05,0.0,0.0,0.0,0.0,0.0,0.0
2021-10-06,0.0,0.0,0.0,0.0,0.0,0.0
2021-10-07,0.0,0.0,0.0,0.0,0.0,0.0
2021-10-08,0.0,0.0,0.0,0.0,0.0,0.0
2021-10-09,0.0,0.0,0.0,0.0,0.0,0.0
2021-10-10,0.0,0.0,0.0,0.0,0.0,0.0
2021-10-11,0.0,0.0,0.0,0.0,0.0,0.0
2021-10-12,0.0,0.0,0.0,0.0,0.0,0.0
2021-10-13,0.0,0.0,0.0,0.0,0.0,0.0
2021-10-14,0.0,0.0,0.0,0.0,0.0,0.0
2021-10-15,0.0,0.0,0.0,0.0,0.0,0.0
2021-10-16,0.0,0.0,0.0,0.0,0.0,0.0
2021-10-17,0.0,0.0,0.0,0.0,0.0,0.0
2021-10-18,0.0,0.0,0.0,0.0,0.0,0.0
2021-10-19,0.0,0.0,0.0,0.0,0.0,0.0
2021-10-20,0.0,0.0,0.0,0.0,0.0,0.0
2021-10-21,0.0,0.0,0.0,0.0,0.0,0.0
2021-10-22,0.0,0.0,0.0,0.0,0.0,0.0
2021-10-23,0.0,0.0,0.0,0.0,0.0,0.0
2021-10-24,0.0,0.0,0.0,0.0,0.0,0.0
2021-10-25,0.0,0.0,0.0,0.0,0.0,0.0
2021-10-26,0.0,0.0,0.0,0.0,0.0,0.0
2021-10-27,0.0,0.0,0.0,0.0,0.0,0.0
2021-10-28,0.0,0.0,0.0,0.0,0.0,0.0
2021-10-29,0.0,0.0,0.0,0.0,0.0,0.0
2021-10-30,0.0,0.0,0.0,0.0,0.0,0.0
2021-10-31,0.0,0.0,0.0,0.0,0.0,0.0
2021-11-01,0.0,0.0,0.0,0.0,0.0,0.0
2021-11-02,0.0,0.0,0.0,0.0,0.0,0.0
2021-11-03,0.0,0.0,0.0,0.0,0.0,0.0
2021-11-04,0.0,0.0,0.0,0.0,0.0,0.0
2021-11-05,0.0,0.0,0.0,0.0,0.0,0.0
2021-11-06,0.0,0.0,0.0,0.0,0.0,0.0
2021-11-07,0.0,0.0,0.0,0.0,0.0,0.0
2021-11-08,0.0,0.0,0.0,0.0,0.0,0.0
2021-11-09,41.26,43.48,49.0,36.8,191737.4,8336742.15
2021-11-10,43.48,73.91,85.12,38.62,1125557.87,83189982.17
2021-11-11,73.91,55.42,85.39,55.0,1227948.3,68052894.79
2021-11-12,55.42,54.63,64.92,51.49,869463.09,47498768.61
2021-11-13,54.63,55.54,63.37,48.09,866193.2,48108370.33
2021-11-14,55.54,56.21,62.38,53.25,623585.34,35051731.96
2021-11-15,56.21,55.86,60.01,50.11,624161.76,34865675.91
2021-11-16,55.86,48.15,55.9,48.15,402388.9,19375025.54
2021-11-17,48.15,48.23,50.59,45.44,543837.29,26228282.71
2021-11-18,48.23,41.33,51.03,40.24,384327.63,15884756.73
2021-11-19,41.69,47.85,51.99,38.43,638727.96,29398164.16
2021-11-20,47.85,46.8,49.55,44.56,269136.73,12588845.98
2021-11-21,46.8,42.17,46.86,41.41,305941.52,13351897.4
2021-11-22,42.17,41.0,46.99,39.93,403472.59,17107999.35
2021-11-23,41.0,50.92,53.55,40.53,627539.47,29508106.51
2021-11-24,50.92,49.22,52.56,44.9,353039.03,16830534.09
2021-11-25,49.22,68.43,72.9,48.31,1195695.3,74473691.64
2021-11-26,68.43,59.36,76.34,56.26,751604.29,48959885.57
2021-11-27,59.36,74.13,84.02,59.17,848166.23,63701957.6
2021-11-28,74.13,76.15,76.58,64.21,455071.47,32381666.87
2021-11-29,76.15,70.32,82.91,69.58,428133.44,32284840.62
2021-11-30,70.32,70.07,78.16,66.11,299336.52,21301312.98
2021-12-01,70.07,64.89,74.68,63.19,267651.1,18215805.78
2021-12-02,64.89,61.74,64.89,58.52,337239.69,20583976.49
2021-12-03,61.74,54.39,63.3,50.2,370345.32,21047859.44
2021-12-04,54.39,51.18,55.1,39.39,440998.51,21143863.16
2021-12-05,51.18,49.41,54.78,45.54,299021.74,14906311.59
2021-12-06,49.41,51.48,51.65,42.37,314761.76,14686947.12
2021-12-07,51.48,50.73,54.02,48.85,224172.55,11460839.47
2021-12-08,50.73,49.39,52.43,47.45,172177.0,8651484.77
2021-12-09,49.39,44.98,50.73,44.68,152995.96,7244995.16
2021-12-10,44.98,42.55,46.78,42.0,141195.26,6286511.5
2021-12-11,42.55,47.54,49.24,41.5,179943.68,8197198.92
2021-12-12,47.54,47.09,47.66,44.15,114429.57,5296558.35
2021-12-13,47.09,40.03,47.12,38.9,169694.01,7114932.85
2021-12-14,40.03,39.93,41.75,37.77,156723.7,6231809.47
2021-12-15,39.93,42.5,44.47,37.13,205307.62,8342806.91
2021-12-16,42.5,44.39,47.99,42.29,223789.42,10088685.86
2021-12-17,44.39,42.21,46.67,40.14,175286.09,7551305.68
2021-12-18,42.14,42.67,43.87,40.68,212498.5,9067869.87
2021-12-19,42.67,40.81,43.72,40.61,176051.7,7184669.88
2021-12-20,40.83,40.37,41.65,37.34,132799.55,5257764.17
2021-12-21,40.41,40.95,42.16,39.68,216869.41,8880802.34
2021-12-22,40.95,45.02,46.02,40.74,397828.05,17910218.81
2021-12-23,45.02,49.42,49.75,42.83,405180.81,20024035.63
2021-12-24,49.42,45.66,49.55,44.75,246431.56,11252065.03
2021-12-25,45.66,46.43,48.24,44.89,254802.62,11830485.65
2021-12-26,46.43,45.62,46.79,44.01,224566.58,10244727.38
2021-12-27,45.62,44.42,48.15,44.1,289024.63,12838474.06
2021-12-28,44.43,39.7,44.49,39.0,160081.81,6619305.88
2021-12-29,39.68,38.58,40.82,37.83,239349.05,9234086.35
2021-12-30,38.61,39.06,41.01,38.01,110207.76,4346374.75
2021-12-31,39.06,38.97,41.88,38.19,254134.29,9903613.28
2022-01-01,38.97,40.15,40.38,38.74,173911.35,6982540.7
2022-01-02,40.15,41.09,41.71,39.54,192953.28,7928450.28
2022-01-03,41.09,39.28,41.15,38.54,217437.25,8540935.18
2022-01-04,39.28,38.69,41.63,38.51,295985.52,11451679.77
2022-01-05,38.67,33.82,39.92,31.5,244936.86,8982362.45
2022-01-06,33.82,33.11,34.5,31.52,268902.44,8882499.24
2022-01-07,33.11,30.02,33.17,28.53,897871.3,26957682.52
2022-01-08,30.02,27.74,30.85,26.45,1470256.29,40784909.48
2022-01-09,27.74,28.01,29.51,26.94,867442.84,24297073.95
2022-01-10,28.01,25.41,28.74,24.55,1466863.2,37272993.91
2022-01-11,25.41,26.75,27.13,25.14,1012544.15,27085556.01
2022-01-12,26.75,27.96,28.87,26.22,1090226.64,30482736.85
2022-01-13,27.96,25.67,28.3,25.56,1042686.27,26765756.55
2022-01-14,25.67,26.27,26.76,24.9,1006655.85,26444849.18
2022-01-15,26.27,26.64,27.79,26.04,980683.82,26125416.96
2022-01-16,26.64,27.65,28.33,25.67,1194171.08,33018830.36
2022-01-17,27.65,24.31,27.87,23.91,1368729.86,33273822.9
2022-01-18,24.31,23.4,24.64,22.4,1166484.68,27295741.51
2022-01-19,23.4,22.15,23.49,21.26,1343797.65,29765117.95
2022-01-20,22.15,21.15,24.54,20.93,1244258.92,26316076.16
2022-01-21,21.15,17.89,21.58,17.23,1857820.51,33236408.92
2022-01-22,17.89,16.05,18.37,15.12,1699788.29,27281602.05
2022-01-23,16.05,17.13,17.48,15.79,1218103.34,20866110.21
2022-01-24,17.13,16.45,17.14,14.44,1428227.58,23494343.69
2022-01-25,16.45,16.57,17.01,15.75,841169.69,13935279.73
2022-01-26,16.57,17.02,19.58,16.34,2479576.91,42194960.28
2022-01-27,17.02,16.81,17.4,15.81,825937.19,13884004.16
2022-01-28,16.81,17.86,18.06,16.05,1178839.3,21054069.9
2022-01-29,17.86,20.04,20.87,17.77,1749144.76,35052860.99
2022-01-30,20.04,19.04,20.72,18.66,1204124.61,22926532.57
2022-01-31,19.04,20.2,21.18,17.64,1348717.34,27244333.04
2022-02-01,20.2,19.4,21.16,19.31,1255374.07,24353478.63
2022-02-02,19.4,18.0,19.65,17.75,860172.16,15481361.33
2022-02-03,18.0,18.4,18.4,17.34,862092.66,15862504.94
2022-02-04,18.4,20.63,20.82,18.1,1068558.52,22045014.09
2022-02-05,20.63,20.06,22.01,19.78,1349439.17,27069803.73
2022-02-06,20.06,20.86,20.92,19.26,1493060.61,31146498.5
2022-02-07,20.86,21.81,22.68,19.7,2111688.73,46059711.12
2022-02-08,21.81,20.11,23.48,19.26,2479037.63,49853669.85
2022-02-09,20.11,21.28,21.42,19.42,1359048.8,28922270.87
2022-02-10,21.28,18.97,21.55,18.92,1668542.47,31650498.69
2022-02-11,18.97,17.24,19.22,16.73,1375504.08,23709866.44
2022-02-12,17.24,17.04,17.67,16.4,1030306.14,17553346.31
2022-02-13,17.04,16.81,17.9,16.65,880270.39,14794519.59
2022-02-14,16.81,17.04,17.24,16.07,808900.47,13783664.01
2022-02-15,17.04,18.45,18.53,16.98,1295729.21,23904169.63
2022-02-16,18.45,17.67,18.58,17.24,1069043.07,18887478.8
2022-02-17,17.67,15.79,18.0,15.63,1620450.61,25580060.63
2022-02-18,15.79,15.79,16.33,15.38,1053866.3,16636091.02
2022-02-19,15.79,16.05,16.84,15.27,1146016.54,18393565.47
2022-02-20,16.05,15.23,16.18,14.78,1042827.19,15877262.96
2022-02-21,15.23,13.9,16.4,13.83,1558531.44,21669649.7
2022-02-22,13.9,14.83,14.88,13.3,1314589.55,19501699.35
2022-02-23,14.83,14.26,15.49,14.16,914744.02,13048137.39
2022-02-24,14.26,13.74,14.39,11.84,2156390.03,29636842.35
2022-02-25,13.74,14.89,14.95,13.36,963934.48,14357688.41
2022-02-26,14.89,14.09,15.18,13.98,970405.91,13676978.53
2022-02-27,14.09,13.21,14.35,12.96,1051234.77,13890175.26
2022-02-28,13.21,15.39,15.87,13.03,1064446.66,16381834.1
2022-03-01,15.39,15.24,15.61,14.61,1161374.33,17699344.79
2022-03-02,15.24,15.14,15.88,14.72,1123073.33,17003330.22
2022-03-03,15.14,14.32,15.57,13.92,1011748.94,14488244.82
2022-03-04,14.32,15.26,17.66,13.3,4983117.33,76042370.46
2022-03-05,15.26,14.88,15.76,14.23,2725606.76,40557028.59
2022-03-06,14.88,14.02,16.36,13.92,3266079.42,45790433.47
2022-03-07,14.02,13.69,14.6,13.21,1672116.48,22891274.61
2022-03-08,13.69,13.85,14.46,13.58,914103.22,12660329.6
2022-03-09,13.85,14.7,15.0,13.83,1383517.95,20337713.86
2022-03-10,14.7,14.0,16.08,13.64,2533051.87,35462726.18
2022-03-11,14.0,13.72,14.4,13.52,964992.55,13239697.79
2022-03-12,13.72,13.59,14.19,13.56,486839.2,6616144.73
2022-03-13,13.59,12.71,13.97,12.67,603096.17,7665352.32
2022-03-14,12.71,13.53,13.59,12.57,584241.79,7904791.42
2022-03-15,13.53,13.35,13.61,12.81,482721.19,6444327.89
2022-03-16,13.35,14.45,14.63,13.12,1060883.87,15329771.92
2022-03-17,14.45,15.05,16.61,14.18,3371253.93,50720616.51
2022-03-18,15.05,14.98,16.19,14.19,1897236.31,28420599.92
2022-03-19,14.98,16.46,17.34,14.98,2882268.81,47442144.61
2022-03-20,16.46,15.84,16.62,15.32,1596010.37,25280804.26
2022-03-21,15.84,15.83,17.0,15.55,1683764.22,26653987.6
2022-03-22,15.83,17.6,18.37,15.64,3405578.91,59938188.82
2022-03-23,17.6,18.16,19.07,17.03,3845033.73,69825812.54
2022-03-24,18.16,18.14,18.55,17.26,2015192.28,36555587.96
2022-03-25,18.14,17.55,18.71,17.15,1818849.34,31920805.92
2022-03-26,17.55,17.36,17.85,17.06,964566.97,16744882.6
2022-03-27,17.36,18.44,18.45,16.81,1738612.98,32060023.35
2022-03-28,18.44,18.66,20.47,18.2,3383287.29,63132140.83
2022-03-29,18.66,19.2,20.51,18.63,3047062.84,58503606.53
2022-03-30,19.2,19.26,20.44,18.58,2778861.15,53520865.75
2022-03-31,19.26,18.07,20.86,17.66,2855714.24,51602756.32
2022-04-01,18.07,18.43,18.89,16.76,1671630.42,30808148.64
2022-04-02,18.43,18.55,20.27,18.22,1880095.15,34875765.03
2022-04-03,18.55,20.93,21.31,18.11,3212411.27,67235767.88
2022-04-04,20.93,19.83,20.96,18.68,2317558.31,45957181.29
2022-04-05,19.83,18.84,20.63,18.72,1928855.59,36339639.32
2022-04-06,18.84,16.19,18.87,16.09,2944629.46,47673550.96
2022-04-07,16.19,16.6,16.95,15.8,1358707.92,22554551.47
2022-04-08,16.6,15.13,16.88,14.94,1736074.92,26266813.54
2022-04-09,15.13,15.62,15.7,14.98,849731.22,13272801.66
2022-04-10,15.62,15.16,16.34,15.1,992910.46,15052522.57
2022-04-11,15.16,13.77,15.48,13.51,1755398.46,24171836.79
2022-04-12,13.77,14.28,14.76,13.65,1209653.06,17273845.7
2022-04-13,14.28,14.57,14.69,13.86,881753.4,12847147.04
2022-04-14,14.57,14.0,14.87,13.81,859291.76,12030084.64
2022-04-15,14.0,14.27,14.37,13.82,611632.44,8727994.92
2022-04-16,14.27,14.3,14.48,13.96,551522.17,7886767.03
2022-04-17,14.3,13.69,14.74,13.64,820739.07,11235917.87
2022-04-18,13.69,14.28,14.32,13.03,1220643.51,17430789.32
2022-04-19,14.28,14.91,14.97,14.17,892929.73,13313582.27
2022-04-20,14.91,14.63,16.03,14.31,2256748.2,33016226.17
2022-04-21,14.63,14.53,15.69,14.16,1892278.58,27494807.77
2022-04-22,14.53,14.21,15.15,14.03,1612340.83,22911363.19
2022-04-23,14.21,13.96,14.29,13.79,783440.62,10936831.06
2022-04-24,13.96,15.32,15.46,13.89,2215426.93,33940340.57
2022-04-25,15.32,15.71,15.9,14.36,3346738.39,52577260.11
2022-04-26,15.71,14.34,16.62,14.03,2814824.6,40364584.76
2022-04-27,14.34,18.59,19.25,14.24,7213669.34,134102113.03
2022-04-28,18.59,18.74,20.54,17.82,8471677.71,158759240.29
2022-04-29,18.74,16.3,19.5,16.03,5363716.23,87428574.55
2022-04-30,16.3,20.45,23.15,16.23,14196106.14,290310370.56
2022-05-01,20.45,24.31,24.8,18.66,13246749.33,322028476.21
2022-05-02,24.31,26.04,26.8,22.54,12613043.73,328443658.73
2022-05-03,26.04,22.0,27.3,21.83,10013812.43,220281843.07
2022-05-04,22.0,22.16,23.16,20.05,9966129.59,220805261.83
2022-05-05,22.16,18.94,25.05,18.29,11129000.19,210762185.27
2022-05-06,18.94,18.39,19.48,17.07,6899745.89,126860949.65
2022-05-07,18.39,18.3,19.95,17.47,6384220.54,116819552.76
2022-05-08,18.3,17.02,19.35,16.78,5854651.66,99626242.02
2022-05-09,17.02,13.32,17.57,13.22,7920576.51,105491528.91
2022-05-10,13.32,14.13,16.13,12.84,9174201.84,129618508.85
2022-05-11,14.13,9.436,14.69,8.686,11719397.3,110586020.13
2022-05-12,9.436,8.581,10.37,7.36,8970521.45,76975201.33
2022-05-13,8.581,9.765,10.88,8.429,6813258.18,66533714.5
2022-05-14,9.765,9.608,10.87,8.508,3943245.01,37888496.18
2022-05-15,9.608,10.35,10.39,8.906,3480584.1,36019186.54
2022-05-16,10.35,10.65,10.88,8.812,6052900.89,64446494.78
2022-05-17,10.65,12.46,12.89,10.5,7032849.57,87611934.5
2022-05-18,12.46,10.48,12.89,10.43,7075023.1,74120510.23
2022-05-19,10.48,12.62,12.79,10.06,5827772.76,73538525.67
2022-05-20,12.62,13.04,13.68,11.83,7637172.26,99555466.39
2022-05-21,13.04,12.79,13.63,12.36,5745829.23,73465712.87
2022-05-22,12.79,12.61,13.07,12.03,3497032.04,44092825.05
2022-05-23,12.61,12.7,14.04,12.13,5344722.66,67863493.58
2022-05-24,12.7,12.39,13.01,11.41,4541597.06,56253856.16
2022-05-25,12.39,12.27,13.05,11.91,4650220.6,57047604.26
2022-05-26,12.27,10.4,12.74,10.03,7080989.45,73646758.38
2022-05-27,10.4,9.697,10.62,9.515,5661754.31,54903690.44
2022-05-28,9.697,10.19,10.34,9.525,2796421.01,28503527.86
2022-05-29,10.19,10.18,10.37,9.759,1916405.4,19514501.31
2022-05-30,10.18,12.56,12.84,10.01,5535043.03,69526788.04
2022-05-31,12.56,11.85,13.33,11.39,5491929.53,65088690.23
2022-06-01,11.85,10.64,12.2,10.39,4252081.75,45262028.3
2022-06-02,10.64,11.3,11.44,10.35,3096650.78,35005608.76
2022-06-03,11.3,10.81,11.31,10.46,2411409.54,26070578.06
2022-06-04,10.81,10.98,11.14,10.45,1426923.27,15672477.61
2022-06-05,10.98,11.03,11.32,10.69,1115330.54,12305861.21
2022-06-06,11.03,12.19,12.89,10.99,4599175.07,56070658.9
2022-06-07,12.19,11.93,12.43,11.02,3925063.66,46837140.94
2022-06-08,11.93,11.38,12.51,11.33,2715943.96,30916040.94
2022-06-09,11.38,11.5,12.07,11.28,2121408.17,24400315.85
2022-06-10,11.5,10.39,11.83,10.24,3616097.41,37577327.13
2022-06-11,10.39,9.172,10.78,9.019,4431428.46,40643180.25
2022-06-12,9.172,8.467,9.592,8.3,4600172.64,38948578.4
2022-06-13,8.467,8.025,8.748,7.41,7973809.48,63991117.62
2022-06-14,8.025,8.237,8.772,7.371,6086727.85,50134886.05
2022-06-15,8.237,9.329,9.52,7.463,7632901.33,71204258.16
2022-06-16,9.329,8.007,9.554,7.814,4385114.01,35112407.72
2022-06-17,8.007,8.228,8.473,7.919,2514878.87,20693590.25
2022-06-18,8.228,8.885,9.043,7.473,4642697.41,41251874.44
2022-06-19,8.885,8.906,9.114,8.048,4913672.02,43762635.15
2022-06-20,8.906,8.979,9.305,8.434,3137562.68,28172840.47
2022-06-21,8.979,9.054,9.744,8.87,3433611.69,31087703.92
2022-06-22,9.054,8.483,9.179,8.453,2354895.7,19975776.73
2022-06-23,8.483,9.207,9.319,8.484,2014056.99,18542987.67
2022-06-24,9.207,9.898,10.31,9.18,3469468.95,34341034.39
2022-06-25,9.898,9.86,10.33,9.333,2687467.4,26498644.64
2022-06-26,9.86,9.295,10.29,9.273,1990788.74,18504800.6
2022-06-27,9.295,9.281,9.793,9.142,1387739.65,12879111.97
2022-06-28,9.281,8.798,9.635,8.717,1657970.25,14587338.22
2022-06-29,8.798,8.81,9.005,8.613,1612636.06,14207804.25
2022-06-30,8.81,8.59,8.862,8.02,1666549.22,14314893.02
2022-07-01,8.59,8.398,8.841,8.215,1957011.57,16434188.62
2022-07-02,8.398,8.498,8.637,8.215,1048904.26,8913213.21
2022-07-03,8.498,9.011,9.04,8.33,1338382.18,12060264.75
2022-07-04,9.011,9.791,9.885,8.755,3626185.34,35504770.45
2022-07-05,9.791,9.298,9.839,9.015,2936461.23,27302315.02
2022-07-06,9.298,10.25,10.4,9.057,3786116.86,38810597.98
2022-07-07,10.25,10.43,10.63,10.03,2717433.66,28352985.41
2022-07-08,10.43,10.08,10.62,9.854,2695975.46,27186070.96
2022-07-09,10.08,10.08,10.32,9.985,1519844.7,15327565.41
2022-07-10,10.08,9.387,10.09,9.295,1785959.84,16765347.95
2022-07-11,9.387,8.539,9.384,8.453,2513602.15,21464058.98
2022-07-12,8.539,8.292,8.692,8.268,2032262.1,16850907.65
2022-07-13,8.292,8.855,8.888,8.118,2540025.92,22491126.87
2022-07-14,8.855,9.173,9.328,8.45,2208199.52,20256901.96
2022-07-15,9.173,9.19,9.445,9.05,2224054.0,20439415.67
2022-07-16,9.19,9.694,9.868,9.021,2133006.41,20677558.03
2022-07-17,9.694,9.342,9.855,9.293,2328439.04,21752735.05
2022-07-18,9.342,11.4,11.74,9.315,7793390.68,88826884.82
2022-07-19,11.4,10.96,11.41,10.52,5099733.92,55893083.76
2022-07-20,10.96,11.3,11.88,10.56,6479392.27,73217132.65
2022-07-21,11.3,12.99,13.48,11.05,11473709.38,149043484.85
2022-07-22,12.99,12.2,13.4,12.03,5397702.04,65851964.89
2022-07-23,12.2,12.72,12.96,11.9,4555488.53,57945814.1
2022-07-24,12.72,13.17,13.57,12.51,4187291.87,55146633.93
2022-07-25,13.17,12.5,13.4,12.27,5922960.14,74037001.75
2022-07-26,12.5,12.79,12.8,11.48,4740327.16,60628784.38
2022-07-27,12.79,15.48,15.74,12.55,6544880.17,101314745.03
2022-07-28,15.48,15.11,16.4,14.19,5745150.9,86809230.1
2022-07-29,15.11,14.63,15.97,14.36,4118640.76,60255714.32
2022-07-30,14.63,14.71,15.96,14.39,3530535.51,51934177.35
2022-07-31,14.71,14.31,15.31,14.16,2432352.61,34806965.85
2022-08-01,14.31,14.15,15.22,13.7,3042424.02,43050299.88
2022-08-02,14.15,14.95,15.35,13.27,3895721.19,58241031.79
2022-08-03,14.95,16.48,16.72,14.43,6114174.36,100761593.45
2022-08-04,16.48,15.88,17.3,15.45,4131062.77,65601276.79
2022-08-05,15.88,17.23,17.82,15.53,4375724.07,75393725.73
2022-08-06,17.23,16.9,18.18,16.78,3002876.43,50748611.67
2022-08-07,16.9,16.87,17.21,16.48,1438821.64,24272921.07
2022-08-08,16.87,16.71,17.43,16.4,1932106.72,32285503.29
2022-08-09,16.71,15.58,16.78,15.35,3457934.94,53859273.13
2022-08-10,15.58,16.16,16.8,14.86,3493934.45,56461980.71
2022-08-11,16.16,15.59,16.78,15.43,2353712.74,36694381.62
2022-08-12,15.59,16.02,16.03,15.28,1712267.75,27430529.36
2022-08-13,16.02,15.38,16.18,15.28,1990667.74,30616469.84
2022-08-14,15.38,14.52,15.93,14.31,2009165.78,29173087.13
2022-08-15,14.52,15.08,15.17,14.07,2395945.07,36130851.66
2022-08-16,15.08,14.99,15.48,14.52,3418409.4,51241956.91
2022-08-17,14.99,15.74,16.04,14.59,4074260.84,64128865.62
2022-08-18,15.74,14.12,16.19,13.57,3092310.46,43663423.7
2022-08-19,14.12,12.8,14.17,12.43,4536025.75,58061129.6
2022-08-20,12.8,12.66,13.46,12.16,2517247.14,31865161.96
2022-08-21,12.66,13.18,13.52,12.56,1754025.09,23115738.88
2022-08-22,13.18,13.69,13.74,12.42,1767778.68,24198470.04
2022-08-23,13.69,13.59,13.88,12.8,2051153.09,27875170.49
2022-08-24,13.59,13.83,14.49,13.09,2041748.09,28237376.08
2022-08-25,13.83,13.58,14.18,13.35,1890310.55,25670417.27
2022-08-26,13.58,12.24,13.61,12.02,2305917.59,28224431.3
2022-08-27,12.24,11.9,12.35,11.65,1258885.0,14980731.5
2022-08-28,11.9,11.3,12.13,11.25,1061471.42,11994627.05
2022-08-29,11.3,12.56,12.69,11.19,1665944.2,20924259.15
2022-08-30,12.56,12.18,12.76,11.77,1413235.07,17213203.15
2022-08-31,12.18,12.48,12.8,12.18,1275937.09,15923694.88
2022-09-01,12.48,13.43,13.52,12.41,2671532.66,35878683.62
2022-09-02,13.43,13.75,14.08,13.06,1931446.82,26557393.78
2022-09-03,13.75,14.03,14.18,13.54,1276782.35,17913256.37
2022-09-04,14.03,13.72,14.03,13.43,1094676.79,15018965.56
2022-09-05,13.72,14.53,14.89,13.13,1892915.01,27501304.69
2022-09-06,14.53,14.19,15.39,13.96,3815283.32,54138870.31
2022-09-07,14.19,14.81,15.2,13.18,3255895.72,48214993.63
2022-09-08,14.81,15.69,15.97,14.48,2736417.4,42925802.13
2022-09-09,15.69,15.48,16.47,15.27,3318395.45,51368761.57
2022-09-10,15.48,15.56,16.17,15.05,2816885.69,43830741.34
2022-09-11,15.56,15.71,16.25,15.12,2741280.7,43065519.8
2022-09-12,15.71,15.09,15.94,14.59,2513018.09,37921442.98
2022-09-13,15.09,14.52,15.09,13.93,2792933.33,40553391.95
2022-09-14,14.52,14.66,15.27,14.09,2706973.98,39684238.55
2022-09-15,14.66,14.19,14.74,13.76,3237956.87,45946607.99
2022-09-16,14.19,14.52,15.19,13.98,3336775.54,48449980.84
2022-09-17,14.52,14.54,14.78,13.84,1855897.97,26984756.48
2022-09-18,14.54,12.81,14.58,12.23,2209838.76,28308034.52
2022-09-19,12.81,13.67,14.08,12.43,2712417.83,37078751.74
2022-09-20,13.67,13.42,13.89,13.12,1928470.56,25880074.92
2022-09-21,13.42,13.48,14.41,13.18,2152610.19,29017185.36
2022-09-22,13.48,13.92,14.26,13.41,1551610.74,21598421.5
2022-09-23,13.92,13.99,14.42,13.34,1530335.48,21409393.37
2022-09-24,13.99,13.62,14.26,13.48,855116.26,11645518.79
2022-09-25,13.62,13.79,14.53,13.52,1287081.23,17745300.39
2022-09-26,13.79,14.84,14.96,13.56,1902434.57,28232129.02
2022-09-27,14.84,15.33,15.86,14.62,2902139.76,44485353.54
2022-09-28,15.33,15.86,16.42,14.14,3675964.78,58294971.33
2022-09-29,15.86,15.72,16.28,15.17,2870690.27,45127251.04
2022-09-30,15.72,16.07,16.56,15.24,2912445.64,46803001.43
2022-10-01,16.07,14.94,16.08,14.71,1627317.01,24309684.92
2022-10-02,14.94,14.22,15.21,14.15,1303161.97,18530963.21
2022-10-03,14.22,15.63,15.72,14.07,1763992.69,27571205.74
2022-10-04,15.63,16.11,16.44,15.21,1749457.03,28183752.75
2022-10-05,16.11,17.5,17.66,15.47,3391447.44,59350330.2
2022-10-06,17.5,17.18,17.83,16.95,3191286.5,54826302.07
2022-10-07,17.18,17.3,17.7,16.77,2443285.76,42268843.65
2022-10-08,17.3,17.7,17.71,16.87,1524757.04,26988199.61
2022-10-09,17.7,18.06,18.18,17.04,1339893.48,24196056.4
2022-10-10,18.06,16.13,18.08,16.13,1977048.66,31889794.89
2022-10-11,16.13,16.64,16.97,15.94,1714371.46,28524288.38
2022-10-12,16.64,17.14,17.43,16.41,1423603.58,24400565.36
2022-10-13,17.14,19.41,20.01,16.03,5452683.41,105836584.99
2022-10-14,19.41,19.69,20.3,19.06,4073907.44,80215237.49
2022-10-15,19.69,19.54,19.87,18.88,1813227.29,35426918.2
2022-10-16,19.54,19.8,20.19,19.12,1651254.33,32694835.73
2022-10-17,19.8,19.34,20.12,18.89,2252781.52,43568794.6
2022-10-18,19.34,19.09,19.37,18.62,1764168.42,33677975.14
2022-10-19,19.09,18.63,19.12,18.28,1344921.47,25055886.99
2022-10-20,18.63,17.32,18.75,17.21,1637718.41,28365282.86
2022-10-21,17.32,16.98,17.34,16.32,2159851.32,36674275.41
2022-10-22,16.98,16.74,17.38,16.44,1261612.09,21119386.39
2022-10-23,16.74,17.13,17.19,16.14,1202317.79,20595703.74
2022-10-24,17.13,16.96,17.58,16.73,1421421.68,24107311.69
2022-10-25,16.96,17.52,17.96,16.64,1398687.1,24504997.99
2022-10-26,17.52,18.06,18.68,17.41,1964557.16,35479902.31
2022-10-27,18.06,17.24,18.49,17.15,1826769.29,31493502.56
2022-10-28,17.24,17.14,17.42,16.48,1644690.06,28189987.63
2022-10-29,17.14,17.72,19.22,16.96,2877943.72,50997162.72
2022-10-30,17.72,17.29,18.34,16.9,1841362.32,31837154.51
2022-10-31,17.29,16.99,17.43,16.71,1452096.83,24671125.14
2022-11-01,16.99,16.22,17.16,16.04,1797522.19,29152894.34
2022-11-02,16.22,16.12,16.69,15.51,2397859.01,38653487.24
2022-11-03,16.12,16.61,17.56,16.11,2530719.18,42035245.58
2022-11-04,16.61,17.89,17.92,16.39,2502593.73,44771401.83
2022-11-05,17.89,18.04,18.33,17.5,2045153.58,36894570.58
2022-11-06,18.04,16.4,18.32,16.34,1919399.12,31478145.57
2022-11-07,16.4,16.23,16.84,15.94,2030713.56,32958481.08
2022-11-08,16.23,13.47,16.41,12.47,3635539.19,48983291.85
2022-11-09,13.47,10.48,13.58,10.14,3843005.58,40278234.04
2022-11-10,10.48,13.01,13.19,10.33,3459911.45,45017987.37
2022-11-11,13.01,12.52,13.45,11.84,2418280.65,30267621.4
2022-11-12,12.52,12.18,12.54,11.53,1605213.12,19554224.66
2022-11-13,12.18,12.23,12.67,11.93,1584356.22,19383132.82
2022-11-14,12.23,12.92,13.4,11.56,2336122.05,30172831.44
2022-11-15,12.92,13.17,13.72,12.69,1264414.74,16651654.28
2022-11-16,13.17,12.68,13.5,12.59,1154329.08,14636717.28
2022-11-17,12.68,12.75,12.99,12.39,759683.91,9685811.84
2022-11-18,12.75,13.03,13.15,12.65,553280.41,7210922.95
2022-11-19,13.03,13.41,13.57,12.88,801527.14,10745737.72
2022-11-20,13.41,12.13,13.42,12.06,1006915.94,12218124.43
2022-11-21,12.13,12.01,12.32,11.59,975494.89,11711378.04
2022-11-22,12.01,12.29,12.42,11.65,837807.38,10292664.74
2022-11-23,12.29,13.36,13.39,12.26,1278807.1,17078843.51
2022-11-24,13.36,13.24,13.52,12.99,988618.02,13088709.41
2022-11-25,13.24,13.03,13.26,12.79,540724.13,7046106.93
2022-11-26,13.03,13.01,13.36,12.85,518819.37,6750299.68
2022-11-27,13.01,13.28,13.92,12.93,1224565.98,16264717.19
2022-11-28,13.28,12.93,13.55,12.54,1226174.94,15858770.37
2022-11-29,12.93,13.47,13.68,12.77,735220.46,9900448.57
2022-11-30,13.47,14.15,14.37,13.47,1256905.71,17785215.8
2022-12-01,14.15,14.08,14.27,13.82,650175.42,9154469.91
2022-12-02,14.08,14.13,14.16,13.71,534881.61,7557877.15
2022-12-03,14.13,13.92,14.28,13.86,455134.89,6335477.67
2022-12-04,13.92,14.08,14.27,13.85,505983.78,7124251.62
2022-12-05,14.08,13.95,14.64,13.73,1066298.82,14873381.05
2022-12-06,13.95,13.69,14.12,13.46,578422.21,7918600.05
2022-12-07,13.69,13.29,13.85,13.07,682587.09,9071582.43
2022-12-08,13.29,13.66,13.7,13.22,407053.55,5560351.49
2022-12-09,13.66,13.55,13.95,13.47,550462.58,7458767.96
2022-12-10,13.55,13.76,13.87,13.51,355477.88,4891375.63
2022-12-11,13.76,13.36,13.87,13.35,331078.24,4423205.29
2022-12-12,13.36,13.32,13.36,12.8,570487.25,7598890.17
2022-12-13,13.32,13.37,13.72,12.91,777663.63,10395283.26
2022-12-14,13.37,13.3,13.61,13.16,625797.8,8323110.74
2022-12-15,13.3,12.87,13.35,12.81,494526.72,6364558.89
2022-12-16,12.87,11.52,13.13,11.39,1128751.67,13003219.24
2022-12-17,11.52,11.67,11.78,11.07,687986.33,8028800.47
2022-12-18,11.67,11.57,11.77,11.48,269758.76,3121108.85
2022-12-19,11.57,10.82,11.76,10.55,547281.68,5921587.78
2022-12-20,10.82,11.41,11.44,10.81,455926.02,5202115.89
2022-12-21,11.41,11.26,11.41,11.11,330299.71,3719174.73
2022-12-22,11.26,11.15,11.37,10.78,445311.15,4964722.8
2022-12-23,11.15,10.92,11.3,10.89,413089.27,4510934.83
2022-12-24,10.92,10.91,11.01,10.74,333675.23,3640396.76
2022-12-25,10.91,11.05,11.11,10.73,346858.49,3832786.31
2022-12-26,11.05,11.31,11.35,10.66,380671.22,4304960.96
2022-12-27,11.31,11.21,11.43,11.06,307139.82,3442004.47
2022-12-28,11.21,11.01,11.26,10.69,374749.24,4124751.34
2022-12-29,11.01,10.82,11.18,10.52,534865.04,5785503.56
2022-12-30,10.82,10.67,10.83,10.49,379584.88,4048550.6
2022-12-31,10.67,10.74,10.9,10.48,334812.79,3595170.19
2023-01-01,10.74,10.88,10.9,10.63,254042.13,2762872.78
2023-01-02,10.88,11.27,11.38,10.68,526402.44,5931368.99
2023-01-03,11.27,11.21,11.4,11.06,420757.7,4715278.81
2023-01-04,11.21,11.74,11.92,11.17,622998.48,7312539.35
2023-01-05,11.74,11.27,11.86,11.21,444626.74,5008938.98
2023-01-06,11.27,11.54,11.59,10.96,660627.9,7622121.24
2023-01-07,11.54,11.59,11.62,11.37,340842.95,3949974.75
2023-01-08,11.59,12.03,12.09,11.35,475156.24,5716129.57
2023-01-09,12.03,12.17,12.8,12.02,946740.48,11521831.64
2023-01-10,12.17,12.34,12.49,11.87,697447.24,8606498.94
2023-01-11,12.34,12.52,12.63,11.73,828918.25,10377018.68
2023-01-12,12.52,12.71,12.86,12.04,1249536.84,15881613.24
2023-01-13,12.71,13.38,13.42,12.58,1214429.84,16249071.26
2023-01-14,13.38,13.93,14.43,13.23,2033918.58,28332485.82
2023-01-15,13.93,14.04,14.31,13.31,1292980.28,18153443.13
2023-01-16,14.04,14.86,15.32,13.69,1686896.92,25067288.23
2023-01-17,14.86,14.15,14.89,14.14,1147652.51,16239283.02
2023-01-18,14.15,13.54,14.72,13.24,1398993.08,18940472.07
2023-01-19,13.54,14.04,14.08,13.37,735492.23,10326310.91
2023-01-20,14.04,15.16,15.19,13.95,858411.31,13013515.46
2023-01-21,15.16,14.61,15.45,14.57,1100611.99,16079941.17
2023-01-22,14.61,14.52,15.2,14.1,1244923.57,18076290.24
2023-01-23,14.52,14.85,15.32,14.51,1086312.9,16131746.56
2023-01-24,14.85,13.87,15.21,13.65,920771.41,12771099.46
2023-01-25,13.87,14.89,15.03,13.46,1421893.24,21171990.34
2023-01-26,14.89,15.27,15.52,14.8,1275183.17,19472047.01
2023-01-27,15.27,16.78,17.02,14.84,2281084.84,38276603.62
2023-01-28,16.78,15.94,16.92,15.8,991028.2,15796989.51
2023-01-29,15.94,16.09,16.46,15.59,952056.99,15318596.97
2023-01-30,16.09,16.21,16.44,14.93,1825828.98,29596687.77
2023-01-31,16.21,15.91,16.52,15.69,1419665.63,22586880.17
2023-02-01,15.91,16.32,16.39,14.97,1600386.56,26118308.66
2023-02-02,16.32,16.23,17.3,16.2,1581133.12,25661790.54
2023-02-03,16.23,16.56,16.58,15.72,1334112.11,22092896.54
2023-02-04,16.56,16.0,16.86,15.92,852276.66,13636426.56
2023-02-05,16.0,15.25,16.15,14.95,1019246.11,15543503.18
2023-02-06,15.25,14.84,15.41,14.65,907558.95,13468174.82
2023-02-07,14.84,16.05,16.13,14.78,1595501.14,25607793.3
2023-02-08,16.05,15.36,16.21,15.17,1150992.87,17679250.48
2023-02-09,15.36,14.02,15.5,13.7,1753132.55,24578918.35
2023-02-10,14.02,13.97,14.16,13.68,1116215.88,15593535.84
2023-02-11,13.97,14.43,14.52,13.79,641796.52,9261123.78
2023-02-12,14.43,14.16,14.66,13.83,823839.87,11665572.56
2023-02-13,14.16,13.89,14.24,13.34,1360783.42,18906561.54
2023-02-14,13.89,14.48,14.57,13.6,1162690.13,16835753.08
2023-02-15,14.48,15.45,15.47,14.27,1034875.4,15988824.93
2023-02-16,15.45,14.51,16.36,14.42,1909728.05,27710154.01
2023-02-17,14.51,15.37,15.7,14.46,1122959.23,17259883.37
2023-02-18,15.37,16.07,16.54,15.2,1356535.03,21799517.93
2023-02-19,16.07,16.46,16.94,15.62,2147437.76,35346825.53
2023-02-20,16.46,17.68,18.1,16.43,3249357.45,57448639.72
2023-02-21,17.68,16.46,17.78,16.06,1436379.58,23642807.89
2023-02-22,16.46,16.29,16.46,15.56,914523.95,14897595.15
2023-02-23,16.29,16.38,16.8,16.0,581786.9,9529669.42
2023-02-24,16.38,15.69,16.89,15.45,802561.24,12592185.86
2023-02-25,15.69,15.06,15.75,14.48,508516.14,7658253.07
2023-02-26,15.06,16.38,16.43,14.89,551820.38,9038817.82
2023-02-27,16.38,16.33,16.82,15.89,570520.77,9316604.17
2023-02-28,16.33,15.23,16.44,15.05,698069.95,10631605.34
2023-03-01,15.23,16.1,16.25,15.19,524993.14,8452389.55
2023-03-02,16.1,15.63,16.24,15.2,481990.45,7533510.73
2023-03-03,15.63,14.24,15.64,13.93,1106667.35,15758943.06
2023-03-04,14.24,14.04,14.35,13.61,584813.75,8210785.05
2023-03-05,14.04,13.82,14.27,13.75,401711.16,5551648.23
2023-03-06,13.82,13.84,14.09,13.52,430430.7,5957160.89
2023-03-07,13.84,13.9,14.21,13.34,410472.95,5705574.01
2023-03-08,13.9,12.79,13.93,12.64,548512.01,7014767.06
2023-03-09,12.79,12.13,13.33,11.86,785183.78,9524279.25
2023-03-10,12.13,12.45,12.53,11.54,840514.96,10462083.03
2023-03-11,12.45,12.25,12.79,11.58,831186.6,10177979.66
2023-03-12,12.25,13.11,13.17,11.9,551486.59,7230617.89
2023-03-13,13.11,13.22,13.62,12.43,1928241.16,25496515.82
2023-03-14,13.22,13.93,14.6,12.79,2088302.02,29093534.6
2023-03-15,13.93,12.64,14.3,12.27,1469316.2,18572685.72
2023-03-16,12.64,13.62,14.27,12.3,2141544.7,29161799.66
2023-03-17,13.62,14.75,14.96,13.35,1948834.13,28744212.07
2023-03-18,14.75,14.22,15.12,13.98,1173842.53,16690139.15
2023-03-19,14.22,14.44,14.84,14.04,741301.43,10703517.91
2023-03-20,14.44,13.67,14.81,13.53,1024573.3,14006828.88
2023-03-21,13.67,14.22,14.45,13.31,809371.92,11507957.52
2023-03-22,14.22,13.57,14.38,13.15,1088783.61,14771614.34
2023-03-23,13.57,13.94,14.16,13.51,583327.74,8133881.17
2023-03-24,13.94,13.42,14.1,13.17,494211.2,6633999.56
2023-03-25,13.42,13.14,13.51,12.89,311748.46,4097350.54
2023-03-26,13.14,13.27,13.42,13.05,291790.93,3873016.88
2023-03-27,13.27,12.66,13.29,12.28,657315.98,8321620.31
2023-03-28,12.66,12.79,12.88,12.55,6022.11,76767.37
